"","Overall-Rank","Criteria.Ca-Rank","Criteria.Cb-Rank","Criteria.Cc-Rank","Criteria.Cd-Rank","Criteria.Ca-Value","Criteria.Cb-Value","Criteria.Cc-Value","Criteria.Cd-Value"
"HAM+CUT+SUM+LEV",1,164,1,50,1,0.0076,1,0.7208,1
"HAM+LOG+MST+NON",2,78,1,140,1,3e-04,1,0.6167,1
"HAM+LOG+MST+PAR",3,166,1,139,1,0.0079,1,0.6167,1
"HAM+LOG+SUM+RAN",4,298,1,13,1,0.0344,1,0.75,1
"KNN+LOG+MST+NON",5,85,1,232,1,0.0012,1,0.5667,1
"HAM+CUT+SUM+RAN",6,305,1,51,1,0.0365,1,0.7208,1
"HAM+LOG+SUM+LEV",7,366,1,13,1,0.0488,1,0.75,1
"MDI+LOG+POW+EIG",8,288,1,115,1,0.0319,1,0.6476,1
"KNN+LOG+MST+PAR",9,211,1,228,1,0.0176,1,0.5667,1
"MDI+CUT+LIW+POW",10,210,1,272,1,0.0167,1,0.5417,1
"KNN+CUT+POW+PQN",11,245,1,255,1,0.0238,1,0.55,1
"MEI+NON+EIG+POW",12,315,1,204,1,0.0398,1,0.5708,1
"HAM+LOG+SUM+AUT",13,514,1,13,1,0.0884,1,0.75,1
"MEI+NON+RAN+EIG",14,425,1,119,1,0.0667,1,0.6375,1
"KNN+CUT+MST+NON",15,71,1,480,1,0,1,0.4833,1
"KNN+CUT+QUA+POW",16,234,1,337,1,0.0222,1,0.5208,1
"KNN+CUT+CUB+POW",17,193,1,388,1,0.0152,1,0.5167,1
"HAM+CUT+SUM+AUT",18,552,1,51,1,0.0948,1,0.7208,1
"KNN+CUT+MST+PAR",19,139,1,471,1,0.0025,1,0.4833,1
"MEI+CUT+QUA+POW",20,205,1,408,1,0.0159,1,0.5,1
"KNN+CUT+CUB+LEV",21,251,1,365,1,0.027,1,0.5167,1
"KNN+LOG+CON+POW",22,433,1,195,1,0.0725,1,0.5792,1
"HAM+CUT+LIW+LEV",23,398,1,233,1,0.0601,1,0.5625,1
"MEI+CUT+EIG+RAN",24,525,1,107,1,0.0902,1,0.65,1
"MEI+LOG+POW+EIG",25,365,1,267,1,0.0484,1,0.5469,1
"KNN+NON+MST+POW",26,118,1,516,1,0.0017,1,0.4792,1
"MEI+CUT+CUB+POW",27,176,1,472,1,0.0105,1,0.4833,1
"KNN+CUT+QUA+LEV",28,313,1,337,1,0.0392,1,0.5208,1
"HAM+LOG+LIW+RAN",29,422,1,233,1,0.0666,1,0.5625,1
"HAM+CUT+LIW+RAN",30,428,1,233,1,0.0671,1,0.5625,1
"MEI+CUT+CUB+LEV",31,224,1,438,1,0.0208,1,0.4917,1
"KNN+NON+CON+RAN",32,497,1,177,1,0.0865,1,0.5917,1
"MEI+CUT+QUA+NON",33,286,1,393,1,0.0316,1,0.5125,1
"MEI+CUT+QUA+LEV",34,287,1,393,1,0.0317,1,0.5125,1
"MEI+CUT+CUB+NON",35,225,1,456,1,0.021,1,0.4917,1
"KNN+CUT+CUB+NON",36,300,1,388,1,0.0354,1,0.5167,1
"KNN+CUT+PAR+EIG",37,456,1,254,1,0.0815,1,0.5542,1
"KNN+CUT+QUA+NON",38,376,1,337,1,0.0513,1,0.5208,1
"KNN+CUT+MST+POW",39,81,1,632,1,5e-04,1,0.4417,1
"MEI+NON+CUB+POW",40,289,1,426,1,0.032,1,0.4958,1
"MEI+CUT+RAN+EIG",41,426,1,305,1,0.067,1,0.5333,1
"KNN+CUT+SUM+LEV",42,170,495,87,1,0.0089,0.9444,0.675,1
"MDI+CUT+CUB+POW",43,173,1,588,1,0.0099,1,0.4542,1
"MDI+CUT+QUA+POW",44,201,1,570,1,0.0156,1,0.4583,1
"KNN+CUT+LIN+LEV",45,310,1,472,1,0.0376,1,0.4833,1
"KNN+CUT+MST+LEV",46,310,1,472,1,0.0376,1,0.4833,1
"MDI+NON+SUM+LEV",47,186,545,70,1,0.0127,0.8333,0.7042,1
"HAM+CUT+RAN+LIW",48,491,1,310,1,0.0862,1,0.5292,1
"MEI+NON+CUB+LEV",49,397,1,408,1,0.0599,1,0.5,1
"MEI+CUT+VSN",50,77,1,735,1,2e-04,1,0.4042,1
"MEI+NON+SUM+LEV",51,184,545,86,1,0.0125,0.8333,0.6792,1
"KNN+LOG+LIN+RAN",52,586,1,228,1,0.0983,1,0.5667,1
"KNN+LOG+MST+RAN",53,586,1,228,1,0.0983,1,0.5667,1
"HAM+NON+SUM+LEV",54,255,542,30,1,0.0296,0.8889,0.7333,1
"HAM+CUT+LIW+PAR",55,600,1,233,1,0.0993,1,0.5625,1
"KNN+CUT+LIN+NON",56,361,1,472,1,0.0474,1,0.4833,1
"MEI+NON+CUB+NON",57,432,1,408,1,0.0711,1,0.5,1
"HAM+CUT+PAR+LIW",58,568,1,272,1,0.0969,1,0.5417,1
"HAM+LOG+SUM+VAS",59,839,1,13,1,0.1601,1,0.75,1
"KNN+NON+CUB+LEV",60,465,1,388,1,0.0838,1,0.5167,1
"MDI+NON+CUB+POW",61,266,1,589,1,0.0304,1,0.45,1
"MDI+CUT+QUA+NON",62,272,1,584,1,0.0308,1,0.4542,1
"MDI+CUT+CUB+NON",63,214,1,643,1,0.0197,1,0.4292,1
"KNN+CUT+LIN+POW",64,227,1,631,1,0.0212,1,0.4417,1
"MDI+CUT+QUA+LEV",65,282,1,584,1,0.0311,1,0.4542,1
"HAM+LOG+QUA+RAN",66,460,1,408,1,0.0828,1,0.5,1
"KNN+NON+CUB+POW",67,543,1,337,1,0.0932,1,0.5208,1
"MDI+CUT+CUB+LEV",68,215,1,667,1,0.0197,1,0.4292,1
"KNN+NON+QUA+RAN",69,642,1,255,1,0.1027,1,0.55,1
"MEI+NON+QUA+POW",70,360,1,549,1,0.0471,1,0.4667,1
"MEI+CUT+CUB+PAR",71,458,1,456,1,0.0823,1,0.4917,1
"KNN+CUT+CUB+PAR",72,530,1,388,1,0.091,1,0.5167,1
"KNN+NON+QUA+LEV",73,666,1,255,1,0.1059,1,0.55,1
"KNN+CUT+LIW+POW",74,218,1,708,1,0.0203,1,0.4125,1
"KNN+LOG+EIG+NON",75,778,1,153,1,0.1239,1,0.6083,1
"MEI+LOG+RAN+EIG",76,429,1,509,1,0.0675,1,0.4792,1
"MDI+NON+CUB+LEV",77,388,1,555,1,0.0581,1,0.4625,1
"KNN+NON+QUA+POW",78,606,1,342,1,0.1005,1,0.5208,1
"KNN+LOG+PAR+EIG",79,827,1,126,1,0.1489,1,0.6167,1
"KNN+NON+MST+PAR",80,150,495,321,1,0.0041,0.9444,0.525,1
"MDI+NON+QUA+POW",81,345,1,633,1,0.0461,1,0.4375,1
"KNN+LOG+QUA+RAN",82,636,1,342,1,0.1023,1,0.5208,1
"MDI+NON+CUB+NON",83,424,1,555,1,0.0666,1,0.4625,1
"HAM+NON+LIW+LEV",84,828,1,153,1,0.1493,1,0.6083,1
"MEI+LOG+MEA+RAN",85,691,1,292,1,0.1084,1,0.5375,1
"MEI+NON+MST+NON",86,74,1,910,1,1e-04,1,0.3167,1
"KNN+CUT+QUA+RAN",87,643,1,342,1,0.1027,1,0.5208,1
"KNN+LOG+EIG+PAR",88,833,1,153,1,0.1556,1,0.6083,1
"MEI+LOG+CUB+NON",89,562,1,426,1,0.0959,1,0.4958,1
"KNN+CUT+CUB+RAN",90,627,1,365,1,0.102,1,0.5167,1
"KNN+NON+CUB+RAN",91,628,1,365,1,0.1021,1,0.5167,1
"KNN+LOG+CUB+RAN",92,629,1,365,1,0.1021,1,0.5167,1
"MEI+CUT+QUA+PAR",93,605,1,393,1,0.1001,1,0.5125,1
"HAM+LOG+LIW+VAS",94,770,1,233,1,0.1221,1,0.5625,1
"MEI+NON+EIG+NON",95,487,1,517,1,0.086,1,0.475,1
"KNN+CUT+POW+LIW",96,248,1,757,1,0.0264,1,0.3917,1
"MEI+NON+MST+POW",97,84,1,923,1,0.0011,1,0.3167,1
"KNN+LOG+CON+NON",98,754,1,272,1,0.1133,1,0.5417,1
"HAM+CUT+QUA+RAN",99,482,1,549,1,0.0857,1,0.4667,1
"KNN+CUT+LIW+NON",100,367,1,672,1,0.0495,1,0.4208,1
"HAM+NON+SUM+RAN",101,478,542,30,1,0.0854,0.8889,0.7333,1
"MEI+NON+MST+PAR",102,151,1,923,1,0.0041,1,0.3167,1
"MDI+CUT+LIW+NON",103,303,501,272,1,0.036,0.9444,0.5417,1
"KNN+CUT+SUM+RAN",104,503,497,87,1,0.0874,0.9444,0.675,1
"KNN+CUT+QUA+PAR",105,745,1,342,1,0.1115,1,0.5208,1
"KNN+CUT+LIN+RAN",106,607,1,480,1,0.1005,1,0.4833,1
"KNN+CUT+MST+RAN",107,607,1,480,1,0.1005,1,0.4833,1
"MEI+NON+QUA+LEV",108,513,1,589,1,0.0881,1,0.45,1
"MEI+NON+AUT+EIG",109,996,1,119,1,0.2244,1,0.6375,1
"MDI+CUT+CUB+PAR",110,454,1,667,1,0.079,1,0.4292,1
"MEI+CUT+QUA+RAN",111,731,1,393,1,0.1106,1,0.5125,1
"KNN+CUT+MEA+NON",112,363,1,767,1,0.0477,1,0.3833,1
"KNN+LOG+CUB+NON",113,773,1,365,1,0.1228,1,0.5167,1
"HAM+LOG+MED+VAS",114,972,1,179,1,0.213,1,0.5875,1
"MEI+NON+CUB+RAN",115,747,1,408,1,0.1116,1,0.5,1
"MDI+CUT+QUA+PAR",116,572,1,584,1,0.0974,1,0.4542,1
"KNN+CUT+LIN+PAR",117,677,1,480,1,0.1073,1,0.4833,1
"MEI+LOG+CUB+RAN",118,729,1,429,1,0.1103,1,0.4958,1
"HAM+NON+RAN+LIW",119,797,1,365,1,0.1349,1,0.5167,1
"MDI+LOG+CUB+NON",120,528,1,643,1,0.0908,1,0.4292,1
"HAM+CUT+CUB+RAN",121,475,1,697,1,0.0851,1,0.4167,1
"KNN+CUT+POW+NON",122,221,1,952,1,0.0207,1,0.3042,1
"MEI+LOG+QUA+RAN",123,715,1,462,1,0.1097,1,0.4875,1
"MEI+CUT+CUB+RAN",124,743,1,438,1,0.1113,1,0.4917,1
"HAM+CUT+MED+VAS",125,974,1,210,1,0.2154,1,0.5708,1
"HAM+LOG+LIN+PAR",126,1058,1,126,1,0.2651,1,0.6167,1
"HAM+LOG+LIW+AUT",127,957,1,233,1,0.2087,1,0.5625,1
"HAM+CUT+LIW+AUT",128,960,1,233,1,0.2097,1,0.5625,1
"MDI+LOG+QUA+RAN",129,675,1,527,1,0.1072,1,0.4708,1
"MDI+NON+QUA+LEV",130,505,1,697,1,0.0875,1,0.4167,1
"MEI+NON+QUA+NON",131,617,1,589,1,0.1014,1,0.45,1
"HAM+LOG+LIN+AUT",132,1081,1,126,1,0.2776,1,0.6167,1
"HAM+LOG+MST+AUT",133,1081,1,126,1,0.2776,1,0.6167,1
"HAM+LOG+LIW+PAR",134,976,1,233,1,0.2168,1,0.5625,1
"MEI+CUT+EIG+AUT",135,1104,1,107,1,0.2983,1,0.65,1
"KNN+LOG+LIN+VAS",136,1004,1,213,1,0.2304,1,0.5667,1
"KNN+LOG+MST+VAS",137,1004,1,213,1,0.2304,1,0.5667,1
"HAM+LOG+PAR+LIW",138,1014,1,213,1,0.2391,1,0.5667,1
"MEI+NON+CUB+PAR",139,822,1,408,1,0.1463,1,0.5,1
"KNN+LOG+QUA+NON",140,889,1,342,1,0.1781,1,0.5208,1
"KNN+NON+LIN+POW",141,742,1,494,1,0.1113,1,0.4792,1
"KNN+NON+CON+AUT",142,1071,1,170,1,0.2727,1,0.5917,1
"MEI+NON+LIN+POW",143,339,1,919,1,0.0455,1,0.3167,1
"MDI+CUT+QUA+RAN",144,686,1,572,1,0.108,1,0.4542,1
"KNN+LOG+CUB+PAR",145,896,1,365,1,0.1811,1,0.5167,1
"MEI+CUT+AUT+EIG",146,999,1,268,1,0.2269,1,0.5458,1
"MEI+NON+RAN+MEA",147,712,1,555,1,0.1096,1,0.4625,1
"MDI+NON+CUB+RAN",148,716,1,555,1,0.1097,1,0.4625,1
"MEI+LOG+QUA+NON",149,817,1,462,1,0.1424,1,0.4875,1
"MEI+NON+SUM+RAN",150,652,550,79,1,0.104,0.8333,0.6792,1
"MDI+NON+SUM+RAN",151,668,550,65,1,0.1062,0.8333,0.7042,1
"HAM+NON+CUB+NON",152,445,1,847,1,0.0759,1,0.3542,1
"KNN+NON+QUA+PAR",153,1037,1,255,1,0.2586,1,0.55,1
"KNN+LOG+CON+VAS",154,1022,1,272,1,0.2424,1,0.5417,1
"MDI+NON+QUA+NON",155,604,1,697,1,0.0996,1,0.4167,1
"KNN+LOG+PAR+PQN",156,1052,1,255,1,0.2625,1,0.55,1
"MEI+LOG+CUB+PAR",157,884,1,429,1,0.1749,1,0.4958,1
"HAM+NON+QUA+RAN",158,520,1,800,1,0.0893,1,0.3708,1
"KNN+LOG+QUA+PAR",159,981,1,342,1,0.2197,1,0.5208,1
"MEI+NON+RAN+MED",160,724,1,606,1,0.1098,1,0.4458,1
"MEI+NON+QUA+RAN",161,746,1,589,1,0.1115,1,0.45,1
"KNN+NON+LIN+RAN",162,518,497,321,1,0.0892,0.9444,0.525,1
"KNN+NON+MST+RAN",163,518,497,321,1,0.0892,0.9444,0.525,1
"MDI+LOG+CUB+RAN",164,697,1,643,1,0.1088,1,0.4292,1
"MDI+CUT+CUB+RAN",165,710,1,643,1,0.1094,1,0.4292,1
"HAM+NON+CUB+RAN",166,507,1,847,1,0.0877,1,0.3542,1
"MDI+NON+CUB+PAR",167,814,1,555,1,0.1409,1,0.4625,1
"MEI+LOG+VAS+EIG",168,979,1,393,1,0.2179,1,0.5125,1
"KNN+CUT+MEA+RAN",169,614,1,767,1,0.1011,1,0.3833,1
"MDI+NON+QUA+RAN",170,702,1,682,1,0.1089,1,0.4167,1
"KNN+NON+CUB+PAR",171,1029,1,365,1,0.2507,1,0.5167,1
"MEI+NON+LIN+LEV",172,498,1,919,1,0.0869,1,0.3167,1
"MEI+NON+MST+LEV",173,498,1,919,1,0.0869,1,0.3167,1
"MEI+LOG+QUA+PAR",174,962,1,462,1,0.2102,1,0.4875,1
"MEI+NON+MEA+NON",175,624,1,803,1,0.1019,1,0.3708,1
"MEI+CUT+PAR+QUA",176,576,1,860,1,0.0976,1,0.3458,1
"HAM+LOG+QUA+VAS",177,1030,1,408,1,0.2513,1,0.5,1
"MEI+LOG+AUT+EIG",178,1002,1,438,1,0.2291,1,0.4917,1
"HAM+NON+PQN+LEV",179,767,1,682,1,0.1202,1,0.4167,1
"KNN+CUT+MEA+PAR",180,688,1,767,1,0.108,1,0.3833,1
"HAM+LOG+QUA+AUT",181,1053,1,408,1,0.2629,1,0.5,1
"MDI+LOG+QUA+PAR",182,937,1,527,1,0.205,1,0.4708,1
"MEI+CUT+RAN+MED",183,723,1,746,1,0.1098,1,0.3958,1
"MEI+NON+QUA+PAR",184,885,1,589,1,0.1757,1,0.45,1
"MEI+NON+LIN+NON",185,569,1,919,1,0.0972,1,0.3167,1
"MEI+CUT+RAN+MEA",186,711,1,783,1,0.1095,1,0.375,1
"MDI+LOG+CUB+PAR",187,863,1,643,1,0.1686,1,0.4292,1
"MEI+LOG+RAN+MEA",188,707,1,803,1,0.1094,1,0.3708,1
"KNN+LOG+PQN+RAN",189,649,1,871,1,0.1039,1,0.3417,1
"MEI+LOG+RAN+MED",190,719,1,817,1,0.1097,1,0.3667,1
"MEI+NON+PQN+NON",191,616,1,925,1,0.1013,1,0.3125,1
"MEI+NON+MEA+RAN",192,744,1,803,1,0.1114,1,0.3708,1
"MEI+NON+PAR+MED",193,873,1,675,1,0.1715,1,0.4208,1
"MEI+NON+MED+NON",194,613,1,938,1,0.101,1,0.3083,1
"MEI+LOG+PQN+RAN",195,736,1,817,1,0.111,1,0.3667,1
"MDI+NON+QUA+PAR",196,872,1,682,1,0.1708,1,0.4167,1
"MEI+NON+PAR+MEA",197,874,1,682,1,0.1717,1,0.4167,1
"MEI+NON+NON",198,631,1,938,1,0.1022,1,0.3083,1
"MDI+LOG+LIW+VAS",199,1001,1,572,1,0.2281,1,0.4542,1
"MEI+NON+PAR+LOE",200,876,1,710,1,0.1721,1,0.4083,1
"HAM+NON+QUA+LEV",201,784,1,803,1,0.1273,1,0.3708,1
"HAM+NON+QUA+NON",202,790,1,803,1,0.1318,1,0.3708,1
"HAM+CUT+QUA+AUT",203,1070,1,537,1,0.2722,1,0.4667,1
"HAM+NON+SUM+AUT",204,1051,524,34,1,0.2625,0.8889,0.7333,1
"HAM+NON+CUB+PAR",205,787,1,844,1,0.1292,1,0.3542,1
"MEI+NON+LIN+RAN",206,737,1,910,1,0.1111,1,0.3167,1
"MEI+NON+MST+RAN",207,737,1,910,1,0.1111,1,0.3167,1
"KNN+NON+LIN+LEV",208,835,501,321,1,0.1585,0.9444,0.525,1
"KNN+NON+MST+LEV",209,835,501,321,1,0.1585,0.9444,0.525,1
"HAM+NON+AUT+LIW",210,1101,1,571,1,0.2943,1,0.4583,1
"KNN+CUT+SUM+AUT",211,1086,501,87,1,0.281,0.9444,0.675,1
"MEI+NON+MEA+PAR",212,883,1,803,1,0.1743,1,0.3708,1
"HAM+LOG+CUB+AUT",213,1043,1,643,1,0.2602,1,0.4292,1
"MEI+LOG+LIW+VAS",214,1094,1,623,1,0.2866,1,0.4417,1
"MEI+LOG+PAR+QUA",215,936,1,783,1,0.2046,1,0.375,1
"HAM+CUT+CUB+AUT",216,1062,1,682,1,0.2682,1,0.4167,1
"KNN+LOG+NON",217,862,1,892,1,0.1684,1,0.3333,1
"KNN+LOG+PQN+NON",218,893,1,871,1,0.1786,1,0.3417,1
"MEI+NON+LIN+PAR",219,869,1,910,1,0.1697,1,0.3167,1
"MDI+NON+PAR+QUA",220,861,1,938,1,0.1678,1,0.3083,1
"MEI+NON+PAR+QUA",221,877,1,925,1,0.1721,1,0.3125,1
"KNN+NON+PAR+EIG",222,978,1,871,1,0.217,1,0.3417,1
"KNN+LOG+PQN+PAR",223,985,1,871,1,0.2207,1,0.3417,1
"KNN+LOG+PAR+NON",224,967,1,892,1,0.2119,1,0.3333,1
"KNN+NON+PAR+LIW",225,1087,1,783,1,0.2811,1,0.375,1
"KNN+NON+LIN+PAR",226,1050,501,321,1,0.2623,0.9444,0.525,1
"KNN+LOG+PAR+MEA",227,959,1,925,1,0.2097,1,0.3125,1
"HAM+NON+QUA+AUT",228,1090,1,803,1,0.2827,1,0.3708,1
"KNN+NON+LIN+AUT",229,1098,501,321,1,0.288,0.9444,0.525,1
"KNN+NON+MST+AUT",230,1098,501,321,1,0.288,0.9444,0.525,1
"HAM+NON+CUB+AUT",231,1088,1,844,1,0.2815,1,0.3542,1
"MDI+NON+LIW+LEV",232,1021,524,537,1,0.2423,0.8889,0.4667,1
"HAM+CUT+PAR+CON",233,855,550,710,1,0.1671,0.8333,0.4083,1
"HAM+LOG+AUT+LIW",234,1084,501,767,1,0.2804,0.9444,0.3833,1
"MDI+LOG+SUM+RAN",235,331,619,21,1,0.0441,0.7778,0.7375,1
"MDI+LOG+SUM+VAS",236,481,619,21,1,0.0857,0.7778,0.7375,1
"MEI+CUT+POW+EIG",237,181,702,250,1,0.0116,0.6667,0.5542,1
"KNN+NON+RAN+EIG",238,403,702,79,1,0.061,0.6667,0.6792,1
"KNN+CUT+EIG+POW",239,216,1,977,1,0.0199,1,0.2917,1
"HAM+NON+MST+NON",240,75,702,438,1,1e-04,0.6667,0.4917,1
"KNN+CUT+POW+EIG",241,213,1,1023,1,0.0193,1,0.2667,1
"KNN+CUT+PQN+POW",242,220,1,1043,1,0.0204,1,0.2458,1
"HAM+LOG+LIN+NON",243,1138,1,126,1,0.3191,1,0.6167,1
"KNN+CUT+POW+MEA",244,222,1,1052,1,0.0207,1,0.2417,1
"HAM+CUT+POW+EIG",245,223,702,365,1,0.0208,0.6667,0.5167,1
"KNN+CUT+EIG+NON",246,334,1,980,1,0.045,1,0.2875,1
"KNN+CUT+NON",247,350,1,980,1,0.0463,1,0.2875,1
"HAM+LOG+LIW+NON",248,1115,1,233,1,0.3047,1,0.5625,1
"HAM+CUT+LEV+LIW",249,463,702,188,1,0.0833,0.6667,0.5792,1
"MDI+LOG+SUM+AUT",250,761,587,21,1,0.115,0.7778,0.7375,1
"KNN+NON+CON+VAS",251,1209,1,170,1,0.3439,1,0.5917,1
"KNN+LOG+LIN+AUT",252,1192,1,213,1,0.3345,1,0.5667,1
"KNN+LOG+MST+AUT",253,1192,1,213,1,0.3345,1,0.5667,1
"MEI+LOG+VAS+PQN",254,1204,1,213,1,0.3409,1,0.5667,1
"KNN+LOG+LIN+PAR",255,1218,1,213,1,0.3519,1,0.5667,1
"KNN+LOG+SUM+LEV",256,664,702,73,1,0.1059,0.6667,0.6875,1
"MDI+LOG+SUM+LEV",257,832,587,21,1,0.1543,0.7778,0.7375,1
"KNN+CUT+POW+MED",258,219,1,1220,1,0.0204,1,0.1875,1
"KNN+NON+QUA+AUT",259,1187,1,255,1,0.3331,1,0.55,1
"MEI+LOG+MEA+VAS",260,1153,1,292,1,0.3232,1,0.5375,1
"KNN+CUT+PQN+NON",261,343,1,1106,1,0.0458,1,0.2208,1
"MEI+LOG+EIG+AUT",262,1112,1,365,1,0.3031,1,0.5167,1
"MEI+LOG+EIG+VAS",263,1120,1,365,1,0.3081,1,0.5167,1
"KNN+LOG+QUA+VAS",264,1147,1,342,1,0.3215,1,0.5208,1
"MEI+CUT+EIG+POW",265,179,1178,136,1,0.0114,0.6667,0.6167,1
"KNN+NON+CON+LEV",266,1343,1,170,1,0.4486,1,0.5917,1
"MEI+CUT+LEV+EIG",267,238,1178,100,1,0.0224,0.6667,0.6583,1
"MEI+CUT+EIG+NON",268,236,1178,107,1,0.0224,0.6667,0.65,1
"MEI+CUT+EIG+LEV",269,240,1178,107,1,0.0225,0.6667,0.65,1
"HAM+CUT+LOE+POW",270,239,702,589,1,0.0224,0.6667,0.45,1
"MEI+LOG+AUT+PQN",271,1317,1,213,1,0.3873,1,0.5667,1
"KNN+LOG+QUA+AUT",272,1188,1,342,1,0.3332,1,0.5208,1
"KNN+CUT+QUA+AUT",273,1191,1,342,1,0.3343,1,0.5208,1
"MEI+LOG+MEA+AUT",274,1242,1,292,1,0.3567,1,0.5375,1
"MEI+CUT+LIW+RAN",275,645,702,197,1,0.1029,0.6667,0.575,1
"HAM+CUT+AUT+LIW",276,1107,1,438,1,0.3003,1,0.4917,1
"KNN+CUT+CUB+AUT",277,1181,1,365,1,0.3312,1,0.5167,1
"KNN+LOG+CUB+AUT",278,1182,1,365,1,0.3316,1,0.5167,1
"KNN+NON+CUB+AUT",279,1185,1,365,1,0.3326,1,0.5167,1
"MDI+CUT+EIG+NON",280,241,1178,141,1,0.0231,0.6667,0.6125,1
"MDI+CUT+EIG+LEV",281,242,1178,141,1,0.0233,0.6667,0.6125,1
"MDI+CUT+LEV+EIG",282,243,1178,141,1,0.0234,0.6667,0.6125,1
"KNN+LOG+LIN+NON",283,1348,1,213,1,0.4648,1,0.5667,1
"MEI+LOG+CON+NON",284,597,702,272,1,0.0989,0.6667,0.5417,1
"MEI+NON+POW+EIG",285,291,1178,107,1,0.0324,0.6667,0.65,1
"HAM+CUT+POW+LIW",286,249,1178,149,1,0.0266,0.6667,0.6083,1
"KNN+LOG+CUB+VAS",287,1213,1,365,1,0.3456,1,0.5167,1
"KNN+CUT+LEV+EIG",288,252,1178,168,1,0.0271,0.6667,0.5958,1
"MDI+CUT+LIW+RAN",289,625,702,272,1,0.1019,0.6667,0.5417,1
"HAM+LOG+MEA+RAN",290,430,1,1168,1,0.0675,1,0.2083,1
"MDI+CUT+PAR+QUA",291,561,1,1043,1,0.0958,1,0.2458,1
"MEI+CUT+LIW+POW",292,209,1178,228,1,0.0165,0.6667,0.5667,1
"KNN+CUT+LIN+AUT",293,1143,1,480,1,0.3209,1,0.4833,1
"KNN+CUT+MST+AUT",294,1143,1,480,1,0.3209,1,0.4833,1
"MDI+LOG+CON+RAN",295,735,702,188,1,0.1109,0.6667,0.5792,1
"MEI+LOG+CON+RAN",296,653,702,272,1,0.104,0.6667,0.5417,1
"KNN+LOG+RAN+EIG",297,404,1178,51,1,0.0613,0.6667,0.7208,1
"MEI+NON+PAR+EIG",298,762,702,170,1,0.1155,0.6667,0.5917,1
"MEI+LOG+VAS+LIW",299,1331,1,306,1,0.4141,1,0.5333,1
"MEI+LOG+QUA+VAS",300,1178,1,462,1,0.3299,1,0.4875,1
"MEI+LOG+CUB+VAS",301,1217,1,429,1,0.3515,1,0.4958,1
"KNN+CUT+MED+NON",302,341,1,1305,1,0.0457,1,0.1667,1
"MDI+NON+LEV+EIG",303,392,702,555,1,0.0586,0.6667,0.4625,1
"KNN+LOG+AUT+EIG",304,918,702,34,1,0.1996,0.6667,0.7333,1
"HAM+CUT+LIW+POW",305,244,1178,233,1,0.0236,0.6667,0.5625,1
"KNN+NON+LOE+LEV",306,646,702,310,1,0.1031,0.6667,0.5292,1
"MEI+NON+LEV+EIG",307,390,1178,98,1,0.0584,0.6667,0.6667,1
"MEI+CUT+LIW+LEV",308,292,1178,197,1,0.0329,0.6667,0.575,1
"HAM+LOG+EIG+VAS",309,1325,1,342,1,0.3976,1,0.5208,1
"MEI+CUT+LIW+NON",310,295,1178,197,1,0.0338,0.6667,0.575,1
"MEI+LOG+VAS+MEA",311,1189,1,480,1,0.3336,1,0.4833,1
"KNN+LOG+SUM+RAN",312,419,1178,73,1,0.0658,0.6667,0.6875,1
"HAM+NON+LIW+PAR",313,820,702,153,1,0.1456,0.6667,0.6083,1
"KNN+CUT+PAR+LOE",314,651,1,1023,1,0.1039,1,0.2667,1
"KNN+NON+LOE+RAN",315,663,702,310,1,0.1058,0.6667,0.5292,1
"HAM+LOG+RAN+EIG",316,406,1178,94,1,0.0624,0.6667,0.6708,1
"MEI+LOG+RAN+PQN",317,764,702,213,1,0.1182,0.6667,0.5667,1
"KNN+CUT+RAN+EIG",318,400,1178,106,1,0.0609,0.6667,0.6542,1
"KNN+LOG+SUM+AUT",319,909,702,73,1,0.1943,0.6667,0.6875,1
"MEI+CUT+QUA+AUT",320,1293,1,393,1,0.3664,1,0.5125,1
"KNN+CUT+PAR+MEA",321,650,1,1047,1,0.1039,1,0.2458,1
"MEI+NON+AUT+LOE",322,1261,1,438,1,0.3605,1,0.4917,1
"HAM+CUT+MED+NON",323,319,1178,204,1,0.0412,0.6667,0.5708,1
"HAM+LOG+AUT+EIG",324,905,702,95,1,0.1866,0.6667,0.6708,1
"MEI+CUT+MED+RAN",325,705,1,998,1,0.1093,1,0.2833,1
"MEI+LOG+MED+RAN",326,696,1,1009,1,0.1088,1,0.275,1
"MEI+NON+CUB+AUT",327,1299,1,408,1,0.3683,1,0.5,1
"KNN+NON+AUT+EIG",328,916,702,95,1,0.1985,0.6667,0.6708,1
"MEI+NON+LIW+RAN",329,670,702,342,1,0.1063,0.6667,0.5208,1
"MEI+LOG+CUB+AUT",330,1285,1,429,1,0.3646,1,0.4958,1
"MDI+NON+POW+EIG",331,297,1178,247,1,0.0341,0.6667,0.5583,1
"KNN+CUT+AUT+EIG",332,915,702,107,1,0.1978,0.6667,0.65,1
"MEI+CUT+EIG+PAR",333,440,1178,107,1,0.0754,0.6667,0.65,1
"MDI+LOG+VAS+MEA",334,1190,1,537,1,0.3339,1,0.4667,1
"HAM+NON+LEV+EIG",335,698,1,1031,1,0.1088,1,0.2583,1
"MDI+CUT+RAN+MED",336,693,1,1037,1,0.1085,1,0.25,1
"MDI+CUT+PAR+LIW",337,782,702,250,1,0.1262,0.6667,0.5542,1
"MEI+CUT+CUB+AUT",338,1298,1,438,1,0.3675,1,0.4917,1
"MEI+LOG+EIG+NON",339,673,702,365,1,0.1065,0.6667,0.5167,1
"KNN+LOG+RAN+PQN",340,783,702,255,1,0.1264,0.6667,0.55,1
"MEI+NON+AUT+MED",341,1279,1,462,1,0.3624,1,0.4875,1
"HAM+NON+LIW+RAN",342,417,1178,149,1,0.0655,0.6667,0.6083,1
"MEI+LOG+QUA+AUT",343,1283,1,462,1,0.3636,1,0.4875,1
"MEI+CUT+PAR+EIG",344,431,1178,149,1,0.0683,0.6667,0.6083,1
"MDI+LOG+QUA+AUT",345,1230,1,527,1,0.3548,1,0.4708,1
"HAM+LOG+LIN+VAS",346,930,702,126,1,0.2033,0.6667,0.6167,1
"HAM+LOG+MST+VAS",347,930,702,126,1,0.2033,0.6667,0.6167,1
"HAM+CUT+RAN+EIG",348,402,1178,179,1,0.0609,0.6667,0.5875,1
"MDI+CUT+LIW+LEV",349,293,1178,289,1,0.0333,0.6667,0.5417,1
"MDI+LOG+RAN+LIW",350,752,702,306,1,0.1126,0.6667,0.5333,1
"KNN+NON+MEA+RAN",351,383,619,759,1,0.0545,0.7778,0.3875,1
"MDI+NON+LIN+RAN",352,708,1,1053,1,0.1094,1,0.2375,1
"MDI+NON+MST+RAN",353,708,1,1053,1,0.1094,1,0.2375,1
"MDI+NON+RAN+EIG",354,420,1178,165,1,0.066,0.6667,0.6,1
"KNN+LOG+POW+EIG",355,407,1178,178,1,0.0624,0.6667,0.5891,1
"KNN+CUT+PQN+PAR",356,655,1,1109,1,0.1045,1,0.2208,1
"MDI+CUT+EIG+PAR",357,447,1178,141,1,0.0772,0.6667,0.6125,1
"KNN+LOG+LIW+NON",358,1122,1,643,1,0.3088,1,0.4292,1
"MEI+NON+SUM+AUT",359,1139,550,79,1,0.32,0.8333,0.6792,1
"HAM+NON+LOE+NON",360,800,1,970,1,0.1357,1,0.2958,1
"HAM+NON+MST+POW",361,112,1457,203,1,0.0016,0.6667,0.5708,1
"HAM+NON+LIN+POW",362,391,1178,204,1,0.0585,0.6667,0.5708,1
"KNN+LOG+EIG+RAN",363,448,1178,149,1,0.0779,0.6667,0.6083,1
"MEI+LOG+PAR+EIG",364,824,702,250,1,0.1467,0.6667,0.5542,1
"MDI+LOG+CON+PAR",365,886,702,188,1,0.1769,0.6667,0.5792,1
"MEI+CUT+POW+PQN",366,207,1178,393,1,0.0163,0.6667,0.5125,1
"MEI+LOG+VAS+MED",367,1149,1,633,1,0.3221,1,0.4375,1
"MEI+NON+AUT+MEA",368,1268,1,517,1,0.3616,1,0.475,1
"MDI+NON+SUM+AUT",369,1171,550,65,1,0.3283,0.8333,0.7042,1
"HAM+LOG+LIN+RAN",370,472,1178,136,1,0.0847,0.6667,0.6167,1
"HAM+LOG+MST+RAN",371,472,1178,136,1,0.0847,0.6667,0.6167,1
"KNN+LOG+MEA+RAN",372,644,1,1147,1,0.1029,1,0.2125,1
"HAM+CUT+AUT+EIG",373,903,702,188,1,0.1839,0.6667,0.5792,1
"HAM+LOG+MED+PAR",374,912,702,179,1,0.1967,0.6667,0.5875,1
"HAM+LOG+MED+RAN",375,439,1178,179,1,0.0754,0.6667,0.5875,1
"MEI+LOG+MEA+NON",376,803,702,292,1,0.1371,0.6667,0.5375,1
"KNN+LOG+CON+PAR",377,825,702,272,1,0.1468,0.6667,0.5417,1
"HAM+NON+LIW+AUT",378,946,702,153,1,0.2065,0.6667,0.6083,1
"HAM+LOG+MED+NON",379,922,702,179,1,0.2003,0.6667,0.5875,1
"KNN+NON+LOE+POW",380,379,1178,247,1,0.0524,0.6667,0.5583,1
"HAM+NON+LIW+NON",381,952,702,153,1,0.2079,0.6667,0.6083,1
"HAM+NON+POW+EIG",382,384,1178,247,1,0.0547,0.6667,0.5583,1
"MDI+LOG+CON+VAS",383,1124,501,188,1,0.3132,0.9444,0.5792,1
"MDI+NON+CUB+AUT",384,1257,1,555,1,0.3594,1,0.4625,1
"MEI+NON+AUT+QUA",385,1296,1,517,1,0.3665,1,0.475,1
"MEI+CUT+PAR+PQN",386,622,702,494,1,0.1017,0.6667,0.4792,1
"MDI+CUT+QUA+AUT",387,1245,1,572,1,0.357,1,0.4542,1
"MEI+LOG+CON+PAR",388,846,702,272,1,0.163,0.6667,0.5417,1
"KNN+LOG+VSN",389,1110,1,713,1,0.3018,1,0.4042,1
"KNN+NON+LEV+EIG",390,418,1178,233,1,0.0657,0.6667,0.5625,1
"MEI+NON+EIG+RAN",391,611,702,517,1,0.1007,0.6667,0.475,1
"HAM+NON+POW+LIW",392,449,1178,204,1,0.0779,0.6667,0.5708,1
"HAM+CUT+MED+RAN",393,452,1178,204,1,0.0788,0.6667,0.5708,1
"HAM+CUT+POW+PQN",394,250,1178,408,1,0.0267,0.6667,0.5,1
"HAM+NON+PAR+EIG",395,826,702,310,1,0.1481,0.6667,0.5292,1
"MEI+CUT+AUT+QUA",396,1286,1,555,1,0.3646,1,0.4625,1
"MDI+LOG+CUB+VAS",397,1203,1,643,1,0.34,1,0.4292,1
"MDI+CUT+EIG+RAN",398,537,1178,141,1,0.0917,0.6667,0.6125,1
"KNN+CUT+VSN",399,1127,1,736,1,0.3147,1,0.4,1
"MDI+NON+AUT+EIG",400,984,702,179,1,0.2204,0.6667,0.5875,1
"MEI+NON+VSN",401,1119,1,746,1,0.3074,1,0.3958,1
"MEI+NON+PAR+LIW",402,898,1,970,1,0.1824,1,0.2958,1
"HAM+CUT+QUA+PAR",403,632,702,537,1,0.1022,0.6667,0.4667,1
"MDI+NON+LIW+RAN",404,641,702,537,1,0.1025,0.6667,0.4667,1
"KNN+LOG+EIG+AUT",405,1025,702,153,1,0.2464,0.6667,0.6083,1
"HAM+LOG+MED+AUT",406,1003,702,179,1,0.2292,0.6667,0.5875,1
"MDI+LOG+CUB+AUT",407,1243,1,643,1,0.3567,1,0.4292,1
"MEI+CUT+AUT+LOE",408,1249,1,639,1,0.3579,1,0.4333,1
"MEI+NON+QUA+AUT",409,1302,1,589,1,0.3687,1,0.45,1
"HAM+NON+RAN+EIG",410,395,1178,321,1,0.0594,0.6667,0.525,1
"KNN+CUT+RAN+PQN",411,763,702,429,1,0.1171,0.6667,0.4958,1
"MDI+CUT+CUB+AUT",412,1251,1,643,1,0.3583,1,0.4292,1
"MDI+LOG+VAS+MED",413,1150,1,746,1,0.3224,1,0.3958,1
"KNN+CUT+PAR+PQN",414,768,702,429,1,0.1208,0.6667,0.4958,1
"HAM+LOG+PAR+EIG",415,906,702,292,1,0.1899,0.6667,0.5375,1
"HAM+NON+LIN+NON",416,760,702,438,1,0.1149,0.6667,0.4917,1
"MEI+LOG+PAR+PQN",417,987,702,213,1,0.221,0.6667,0.5667,1
"MEI+CUT+AUT+MEA",418,1266,1,643,1,0.3612,1,0.4292,1
"MEI+LOG+VSN",419,1196,1,713,1,0.3356,1,0.4042,1
"MDI+LOG+RAN+MED",420,690,1,1220,1,0.1083,1,0.1875,1
"MEI+LOG+EIG+PAR",421,849,702,365,1,0.1649,0.6667,0.5167,1
"KNN+NON+LEV+PQN",422,609,702,606,1,0.1006,0.6667,0.4458,1
"KNN+CUT+MEA+AUT",423,1151,1,767,1,0.3228,1,0.3833,1
"HAM+CUT+MED+PAR",424,540,1178,204,1,0.0925,0.6667,0.5708,1
"HAM+CUT+PQN+PAR",425,541,702,682,1,0.0928,0.6667,0.4167,1
"HAM+NON+LIN+LEV",426,785,702,438,1,0.1282,0.6667,0.4917,1
"HAM+NON+MST+LEV",427,785,702,438,1,0.1282,0.6667,0.4917,1
"KNN+CUT+LEV+PQN",428,324,1178,426,1,0.0423,0.6667,0.4958,1
"HAM+CUT+MED+AUT",429,1019,702,210,1,0.242,0.6667,0.5708,1
"MEI+LOG+MEA+PAR",430,938,702,292,1,0.205,0.6667,0.5375,1
"HAM+CUT+POW+MED",431,232,1178,525,1,0.0218,0.6667,0.4708,1
"MDI+NON+QUA+AUT",432,1254,1,682,1,0.3591,1,0.4167,1
"KNN+NON+MST+NON",433,76,1541,321,1,1e-04,0.5,0.525,1
"HAM+CUT+LIW+NON",434,529,1178,233,1,0.091,0.6667,0.5625,1
"KNN+CUT+PAR+MED",435,648,1,1293,1,0.1035,1,0.1667,1
"KNN+LOG+PAR+LOE",436,968,1,980,1,0.212,1,0.2875,1
"KNN+CUT+MED+PAR",437,656,1,1293,1,0.1045,1,0.1667,1
"MDI+NON+RAN+MED",438,695,702,555,1,0.1086,0.6667,0.4625,1
"MEI+CUT+LIW+PAR",439,578,1178,197,1,0.0977,0.6667,0.575,1
"MEI+CUT+RAN+PQN",440,758,702,494,1,0.1141,0.6667,0.4792,1
"MEI+LOG+AUT+QUA",441,1280,1,675,1,0.3628,1,0.4208,1
"HAM+LOG+EIG+RAN",442,442,1178,337,1,0.0758,0.6667,0.5208,1
"MEI+LOG+VAS+NON",443,1142,1,817,1,0.3207,1,0.3667,1
"MEI+CUT+POW+LIW",444,235,1178,549,1,0.0223,0.6667,0.4667,1
"MDI+LOG+CON+NON",445,595,1178,195,1,0.0987,0.6667,0.5792,1
"MDI+NON+AUT+QUA",446,1259,1,713,1,0.3598,1,0.4042,1
"KNN+LOG+MED+NON",447,852,1,1120,1,0.1668,1,0.2167,1
"KNN+NON+RAN+PQN",448,665,702,606,1,0.1059,0.6667,0.4458,1
"HAM+NON+LIN+PAR",449,834,702,438,1,0.158,0.6667,0.4917,1
"HAM+NON+LEV+LIW",450,871,702,403,1,0.1708,0.6667,0.5083,1
"MEI+CUT+LEV+PQN",451,290,1178,509,1,0.0322,0.6667,0.4792,1
"HAM+CUT+QUA+POW",452,246,1178,555,1,0.0238,0.6667,0.4625,1
"MEI+LOG+LIW+RAN",453,658,702,623,1,0.1047,0.6667,0.4417,1
"HAM+LOG+CUB+VAS",454,1340,1,643,1,0.4423,1,0.4292,1
"HAM+LOG+EIG+PAR",455,942,702,342,1,0.2058,0.6667,0.5208,1
"MEI+CUT+AUT+MED",456,1277,1,713,1,0.3623,1,0.4042,1
"MEI+NON+LIW+POW",457,411,1178,402,1,0.0634,0.6667,0.5083,1
"MEI+LOG+PQN+VAS",458,1177,1,817,1,0.3298,1,0.3667,1
"HAM+NON+PAR+LIW",459,858,702,438,1,0.1676,0.6667,0.4917,1
"KNN+LOG+CON+RAN",460,531,1178,289,1,0.091,0.6667,0.5417,1
"MEI+LOG+AUT+MEA",461,1263,1,736,1,0.3608,1,0.4,1
"MEI+NON+LEV+LIW",462,818,660,527,1,0.1444,0.7222,0.4708,1
"HAM+NON+AUT+EIG",463,897,702,407,1,0.1821,0.6667,0.5042,1
"KNN+LOG+MEA+NON",464,859,1,1147,1,0.1677,1,0.2125,1
"MEI+LOG+CON+VAS",465,1035,702,272,1,0.2544,0.6667,0.5417,1
"HAM+CUT+LOE+NON",466,323,1178,509,1,0.0419,0.6667,0.4792,1
"HAM+LOG+EIG+NON",467,973,702,342,1,0.2154,0.6667,0.5208,1
"MDI+NON+LEV+LIW",468,789,702,527,1,0.1299,0.6667,0.4708,1
"MDI+NON+POW+LIW",469,370,1178,472,1,0.0506,0.6667,0.4833,1
"HAM+NON+LEV+PQN",470,774,1,1245,1,0.1233,1,0.1792,1
"MDI+LOG+PAR+LIW",471,977,702,342,1,0.2168,0.6667,0.5208,1
"MDI+NON+LIW+POW",472,387,1178,456,1,0.0568,0.6667,0.4917,1
"MDI+NON+RAN+MEA",473,687,702,633,1,0.108,0.6667,0.4375,1
"HAM+CUT+LEV+EIG",474,327,1178,525,1,0.0429,0.6667,0.4708,1
"KNN+NON+LEV+LIW",475,806,702,527,1,0.1383,0.6667,0.4708,1
"HAM+CUT+CUB+POW",476,187,1178,671,1,0.0131,0.6667,0.425,1
"MDI+LOG+QUA+NON",477,811,702,527,1,0.1389,0.6667,0.4708,1
"MEI+NON+LIW+PAR",478,998,702,342,1,0.2268,0.6667,0.5208,1
"HAM+NON+PAR+MED",479,848,702,494,1,0.1649,0.6667,0.4792,1
"MDI+CUT+RAN+LIW",480,766,1,1279,1,0.1199,1,0.1708,1
"MEI+LOG+AUT+MED",481,1270,1,776,1,0.3619,1,0.3792,1
"KNN+LOG+CON+AUT",482,1073,702,272,1,0.273,0.6667,0.5417,1
"MEI+NON+EIG+PAR",483,830,702,517,1,0.1534,0.6667,0.475,1
"HAM+CUT+LOE+LEV",484,362,1178,509,1,0.0474,0.6667,0.4792,1
"KNN+NON+LOE+PAR",485,1038,702,310,1,0.2587,0.6667,0.5292,1
"MDI+CUT+LIW+PAR",486,584,1178,289,1,0.0981,0.6667,0.5417,1
"MDI+LOG+VAS+LIW",487,1337,1,713,1,0.4384,1,0.4042,1
"KNN+CUT+RAN+LIW",488,674,702,675,1,0.1068,0.6667,0.4208,1
"KNN+CUT+LIW+PAR",489,676,702,675,1,0.1073,0.6667,0.4208,1
"MEI+CUT+RAN+LIW",490,713,702,639,1,0.1097,0.6667,0.4333,1
"KNN+LOG+PQN+VAS",491,1184,1,871,1,0.3325,1,0.3417,1
"HAM+CUT+QUA+NON",492,332,1178,549,1,0.0447,0.6667,0.4667,1
"HAM+NON+LEV+NON",493,769,1,1293,1,0.1215,1,0.1667,1
"MEI+LOG+RAN+LIW",494,739,702,623,1,0.1111,0.6667,0.4417,1
"HAM+LOG+EIG+AUT",495,1020,702,342,1,0.2423,0.6667,0.5208,1
"KNN+LOG+PQN+AUT",496,1195,1,871,1,0.3352,1,0.3417,1
"HAM+NON+MST+PAR",497,153,1457,461,1,0.0044,0.6667,0.4917,1
"MEI+CUT+PQN+AUT",498,1289,1,783,1,0.365,1,0.375,1
"KNN+NON+RAN+LIW",499,748,1,1326,1,0.1119,1,0.1583,1
"MEI+LOG+AUT+LOE",500,1273,1,803,1,0.3619,1,0.3708,1
"KNN+LOG+RAN+LIW",501,703,702,675,1,0.1091,0.6667,0.4208,1
"KNN+LOG+MED+PAR",502,964,1,1120,1,0.2108,1,0.2167,1
"HAM+NON+MED+NON",503,781,702,606,1,0.1261,0.6667,0.4458,1
"MEI+NON+MED+VAS",504,1152,1,938,1,0.323,1,0.3083,1
"MDI+NON+PAR+MED",505,853,702,537,1,0.167,0.6667,0.4667,1
"MDI+NON+PAR+EIG",506,757,702,633,1,0.114,0.6667,0.4375,1
"MEI+NON+LIW+LEV",507,1049,702,342,1,0.2618,0.6667,0.5208,1
"HAM+LOG+MEA+AUT",508,925,1,1172,1,0.2006,1,0.2083,1
"MDI+CUT+EIG+POW",509,182,1178,740,1,0.0117,0.6667,0.3958,1
"HAM+CUT+QUA+LEV",510,373,1178,549,1,0.0507,0.6667,0.4667,1
"HAM+CUT+PAR+EIG",511,450,1178,472,1,0.0782,0.6667,0.4833,1
"MEI+NON+MEA+AUT",512,1297,1,803,1,0.3675,1,0.3708,1
"HAM+CUT+PAR+PQN",513,654,702,746,1,0.1044,0.6667,0.3958,1
"MEI+LOG+CON+POW",514,453,1178,472,1,0.0789,0.6667,0.4833,1
"MEI+LOG+EIG+RAN",515,539,1178,388,1,0.0919,0.6667,0.5167,1
"MDI+CUT+AUT+MED",516,1233,1,871,1,0.3561,1,0.3417,1
"MEI+LOG+PQN+AUT",517,1290,1,817,1,0.3651,1,0.3667,1
"MEI+CUT+PQN+POW",518,196,1178,736,1,0.0155,0.6667,0.4,1
"HAM+LOG+QUA+PAR",519,1000,702,408,1,0.2278,0.6667,0.5,1
"HAM+LOG+QUA+NON",520,1008,702,408,1,0.2338,0.6667,0.5,1
"KNN+LOG+MEA+PAR",521,970,1,1147,1,0.2122,1,0.2125,1
"HAM+LOG+LOE+RAN",522,469,1178,472,1,0.0845,0.6667,0.4833,1
"HAM+CUT+CUB+NON",523,247,1178,697,1,0.0245,0.6667,0.4167,1
"MDI+CUT+POW+LIW",524,309,1178,637,1,0.0375,0.6667,0.4333,1
"MDI+NON+PAR+MEA",525,854,702,572,1,0.1671,0.6667,0.4542,1
"HAM+CUT+CUB+LEV",526,253,1178,697,1,0.028,0.6667,0.4167,1
"MDI+NON+MEA+RAN",527,714,702,713,1,0.1097,0.6667,0.4042,1
"HAM+CUT+EIG+POW",528,217,1178,736,1,0.0201,0.6667,0.4,1
"HAM+NON+PAR+LOE",529,843,702,589,1,0.1624,0.6667,0.45,1
"HAM+NON+LOE+POW",530,369,1178,589,1,0.0505,0.6667,0.45,1
"MEI+NON+MEA+VAS",531,1333,1,803,1,0.4312,1,0.3708,1
"HAM+LOG+LOE+NON",532,955,702,480,1,0.2086,0.6667,0.4833,1
"MEI+NON+EIG+LEV",533,443,1178,517,1,0.0758,0.6667,0.475,1
"KNN+LOG+PAR+MED",534,961,1,1187,1,0.2098,1,0.2042,1
"MEI+NON+LEV+MED",535,490,702,960,1,0.0862,0.6667,0.3,1
"HAM+NON+MED+PAR",536,844,702,606,1,0.1625,0.6667,0.4458,1
"HAM+LOG+LOE+PAR",537,971,702,480,1,0.2124,0.6667,0.4833,1
"MDI+CUT+AUT+QUA",538,1250,1,908,1,0.358,1,0.3208,1
"HAM+NON+PQN+NON",539,776,702,682,1,0.1235,0.6667,0.4167,1
"HAM+CUT+PQN+POW",540,228,1178,757,1,0.0213,0.6667,0.3917,1
"HAM+LOG+CUB+NON",541,819,702,643,1,0.1449,0.6667,0.4292,1
"HAM+NON+PAR+MEA",542,841,702,623,1,0.1617,0.6667,0.4417,1
"HAM+NON+LIN+RAN",543,533,1178,456,1,0.0912,0.6667,0.4917,1
"HAM+NON+MST+RAN",544,533,1178,456,1,0.0912,0.6667,0.4917,1
"HAM+CUT+LOE+RAN",545,483,1178,509,1,0.0857,0.6667,0.4792,1
"MEI+CUT+PQN+NON",546,271,1178,727,1,0.0307,0.6667,0.4042,1
"MDI+LOG+VAS+EIG",547,986,1,1189,1,0.2208,1,0.2,1
"MDI+LOG+CON+POW",548,455,1178,549,1,0.0804,0.6667,0.4667,1
"KNN+CUT+LIW+LEV",549,333,1178,672,1,0.0448,0.6667,0.4208,1
"HAM+NON+LEV+MEA",550,775,702,710,1,0.1235,0.6667,0.4083,1
"MDI+CUT+POW+EIG",551,183,1178,830,1,0.0121,0.6667,0.3667,1
"HAM+CUT+PQN+NON",552,316,1178,697,1,0.0405,0.6667,0.4167,1
"HAM+LOG+MEA+VAS",553,1018,1,1172,1,0.2417,1,0.2083,1
"KNN+NON+POW+PQN",554,553,1178,462,1,0.095,0.6667,0.4875,1
"MDI+NON+PAR+LOE",555,856,702,639,1,0.1674,0.6667,0.4333,1
"KNN+NON+VSN",556,1301,1,900,1,0.3687,1,0.3292,1
"MDI+NON+LIW+PAR",557,965,702,537,1,0.2113,0.6667,0.4667,1
"KNN+LOG+PAR+QUA",558,958,1,1245,1,0.2097,1,0.1792,1
"MEI+NON+LIN+AUT",559,1294,1,910,1,0.3665,1,0.3167,1
"MEI+NON+MST+AUT",560,1294,1,910,1,0.3665,1,0.3167,1
"MDI+LOG+AUT+QUA",561,1244,1,960,1,0.3568,1,0.3,1
"MDI+CUT+PAR+EIG",562,427,1178,601,1,0.0671,0.6667,0.4458,1
"MEI+CUT+PAR+LIW",563,647,702,860,1,0.1032,0.6667,0.3458,1
"KNN+LOG+RAN+MEA",564,621,702,886,1,0.1017,0.6667,0.3375,1
"HAM+CUT+PQN+LEV",565,336,1178,697,1,0.0453,0.6667,0.4167,1
"MDI+LOG+LIW+NON",566,1116,524,572,1,0.305,0.8889,0.4542,1
"HAM+CUT+EIG+NON",567,307,1178,727,1,0.0366,0.6667,0.4042,1
"MEI+CUT+PQN+RAN",568,730,702,783,1,0.1105,0.6667,0.375,1
"KNN+NON+LIN+VAS",569,1373,524,321,1,0.5898,0.8889,0.525,1
"KNN+NON+MST+VAS",570,1373,524,321,1,0.5898,0.8889,0.525,1
"HAM+LOG+PAR+PQN",571,1023,702,494,1,0.2459,0.6667,0.4792,1
"MEI+NON+POW+LIW",572,805,702,713,1,0.1381,0.6667,0.4042,1
"MDI+NON+LIW+NON",573,982,702,537,1,0.2201,0.6667,0.4667,1
"HAM+NON+PQN+PAR",574,837,702,682,1,0.1585,0.6667,0.4167,1
"KNN+LOG+RAN+MED",575,635,702,886,1,0.1023,0.6667,0.3375,1
"HAM+NON+QUA+POW",576,409,1178,637,1,0.063,0.6667,0.4333,1
"HAM+NON+CUB+POW",577,308,1178,740,1,0.0366,0.6667,0.3958,1
"MEI+CUT+POW+NON",578,199,1178,852,1,0.0156,0.6667,0.35,1
"HAM+LOG+LOE+VAS",579,1047,702,480,1,0.2614,0.6667,0.4833,1
"MEI+CUT+PQN+LEV",580,269,1178,783,1,0.0307,0.6667,0.375,1
"KNN+LOG+RAN+NON",581,637,702,892,1,0.1024,0.6667,0.3333,1
"HAM+NON+LIN+AUT",582,1092,702,438,1,0.2849,0.6667,0.4917,1
"HAM+NON+MST+AUT",583,1092,702,438,1,0.2849,0.6667,0.4917,1
"KNN+CUT+LOE+RAN",584,672,702,860,1,0.1065,0.6667,0.3458,1
"HAM+CUT+CON+RAN",585,522,545,1168,1,0.0898,0.8333,0.2083,1
"HAM+CUT+EIG+LEV",586,330,1178,727,1,0.044,0.6667,0.4042,1
"MEI+LOG+RAN+NON",587,725,702,817,1,0.1099,0.6667,0.3667,1
"HAM+LOG+CUB+PAR",588,899,702,643,1,0.1826,0.6667,0.4292,1
"HAM+LOG+LOE+AUT",589,1063,702,480,1,0.2691,0.6667,0.4833,1
"HAM+LOG+AUT+MED",590,1059,702,494,1,0.2662,0.6667,0.4792,1
"KNN+CUT+LOE+POW",591,230,1178,847,1,0.0216,0.6667,0.3542,1
"HAM+CUT+LOE+PAR",592,571,1178,509,1,0.0974,0.6667,0.4792,1
"HAM+NON+MED+RAN",593,480,1178,601,1,0.0857,0.6667,0.4458,1
"MEI+CUT+POW+MED",594,197,1178,886,1,0.0155,0.6667,0.3375,1
"HAM+CUT+LOE+AUT",595,1077,702,494,1,0.274,0.6667,0.4792,1
"MDI+CUT+LEV+LIW",596,371,1178,727,1,0.0506,0.6667,0.4042,1
"MDI+NON+MEA+PAR",597,868,702,713,1,0.1695,0.6667,0.4042,1
"KNN+NON+MED+RAN",598,623,702,960,1,0.1019,0.6667,0.3,1
"KNN+NON+MEA+AUT",599,941,587,759,1,0.2053,0.7778,0.3875,1
"HAM+LOG+RAN+PQN",600,601,1178,509,1,0.0994,0.6667,0.4792,1
"KNN+NON+RAN+NON",601,634,702,952,1,0.1022,0.6667,0.3042,1
"HAM+LOG+PQN+VAS",602,1079,1,1211,1,0.2756,1,0.1917,1
"HAM+LOG+RAN+MED",603,512,1178,601,1,0.0881,0.6667,0.4458,1
"MDI+NON+MED+RAN",604,692,702,900,1,0.1085,0.6667,0.3292,1
"MEI+CUT+RAN+NON",605,733,702,860,1,0.1106,0.6667,0.3458,1
"HAM+CUT+LEV+PQN",606,378,1178,740,1,0.052,0.6667,0.3958,1
"HAM+LOG+AUT+PQN",607,1103,702,494,1,0.2982,0.6667,0.4792,1
"HAM+NON+RAN+MED",608,536,1178,589,1,0.0915,0.6667,0.45,1
"HAM+LOG+CUB+RAN",609,464,1178,667,1,0.0834,0.6667,0.4292,1
"MEI+CUT+LEV+NON",610,277,1178,855,1,0.0309,0.6667,0.3458,1
"MEI+CUT+NON",611,279,1178,855,1,0.031,0.6667,0.3458,1
"HAM+NON+PQN+POW",612,394,1178,740,1,0.0591,0.6667,0.3958,1
"MDI+NON+EIG+PAR",613,829,702,783,1,0.1505,0.6667,0.375,1
"KNN+CUT+LOE+PAR",614,753,702,860,1,0.1127,0.6667,0.3458,1
"KNN+NON+PAR+PQN",615,1009,702,606,1,0.234,0.6667,0.4458,1
"MEI+NON+POW+NON",616,357,1178,783,1,0.0468,0.6667,0.375,1
"MEI+LOG+NON",617,802,702,817,1,0.1366,0.6667,0.3667,1
"HAM+CUT+CUB+PAR",618,446,1178,697,1,0.0761,0.6667,0.4167,1
"KNN+CUT+LEV+LIW",619,416,1178,727,1,0.0641,0.6667,0.4042,1
"MEI+LOG+PQN+NON",620,808,702,817,1,0.1385,0.6667,0.3667,1
"MDI+NON+EIG+POW",621,314,1178,838,1,0.0392,0.6667,0.3583,1
"MEI+NON+RAN+LIW",622,759,702,871,1,0.1142,0.6667,0.3417,1
"HAM+NON+MED+VAS",623,1024,702,606,1,0.2459,0.6667,0.4458,1
"HAM+CUT+AUT+MED",624,1076,702,555,1,0.2734,0.6667,0.4625,1
"HAM+NON+AUT+MED",625,1083,702,555,1,0.2794,0.6667,0.4625,1
"HAM+CUT+PQN+RAN",626,467,1178,697,1,0.0844,0.6667,0.4167,1
"HAM+CUT+EIG+RAN",627,437,1178,727,1,0.0743,0.6667,0.4042,1
"KNN+NON+LIW+PAR",628,1034,702,606,1,0.253,0.6667,0.4458,1
"MDI+LOG+LIW+PAR",629,1069,702,572,1,0.272,0.6667,0.4542,1
"KNN+CUT+LOE+LEV",630,312,1178,855,1,0.0382,0.6667,0.3458,1
"HAM+NON+AUT+LOE",631,1072,702,572,1,0.2727,0.6667,0.4542,1
"KNN+NON+PAR+QUA",632,1027,1,1326,1,0.2473,1,0.1583,1
"KNN+NON+LIW+RAN",633,577,1178,601,1,0.0977,0.6667,0.4458,1
"MEI+NON+MED+RAN",634,720,702,938,1,0.1098,0.6667,0.3083,1
"MDI+LOG+LIW+RAN",635,598,1178,584,1,0.0989,0.6667,0.4542,1
"MEI+NON+PQN+RAN",636,734,702,925,1,0.1109,0.6667,0.3125,1
"HAM+LOG+RAN+LIW",637,551,501,1309,1,0.0947,0.9444,0.1625,1
"MEI+NON+PQN+POW",638,352,1178,838,1,0.0464,0.6667,0.3583,1
"HAM+LOG+CON+NON",639,801,550,1018,1,0.1361,0.8333,0.2708,1
"HAM+NON+MED+AUT",640,1061,702,606,1,0.2666,0.6667,0.4458,1
"HAM+NON+QUA+PAR",641,866,702,803,1,0.1692,0.6667,0.3708,1
"MEI+NON+POW+PQN",642,364,1178,830,1,0.0483,0.6667,0.3667,1
"KNN+NON+LIW+LEV",643,596,1178,601,1,0.0988,0.6667,0.4458,1
"HAM+NON+PQN+RAN",644,501,1178,697,1,0.0871,0.6667,0.4167,1
"HAM+CUT+EIG+PAR",645,474,1178,727,1,0.0851,0.6667,0.4042,1
"MEI+NON+RAN+NON",646,740,702,938,1,0.1111,0.6667,0.3083,1
"HAM+NON+AUT+MEA",647,1075,702,606,1,0.2734,0.6667,0.4458,1
"MEI+LOG+PAR+MED",648,934,702,759,1,0.2043,0.6667,0.3875,1
"HAM+CUT+RAN+MED",649,523,1178,697,1,0.0899,0.6667,0.4167,1
"HAM+NON+PAR+QUA",650,847,702,852,1,0.1635,0.6667,0.35,1
"MEI+LOG+PAR+MEA",651,935,702,767,1,0.2043,0.6667,0.3833,1
"MDI+NON+EIG+LEV",652,444,1178,783,1,0.0758,0.6667,0.375,1
"KNN+CUT+LOE+NON",653,375,1178,855,1,0.0511,0.6667,0.3458,1
"MEI+LOG+PAR+LIW",654,969,702,753,1,0.2121,0.6667,0.3917,1
"HAM+CUT+EIG+AUT",655,1012,702,713,1,0.2354,0.6667,0.4042,1
"MEI+LOG+PAR+LOE",656,944,702,783,1,0.2062,0.6667,0.375,1
"HAM+CUT+PQN+AUT",657,1046,702,682,1,0.2612,0.6667,0.4167,1
"HAM+LOG+PAR+MED",658,963,702,767,1,0.2108,0.6667,0.3833,1
"HAM+NON+RAN+MEA",659,515,1178,740,1,0.0886,0.6667,0.3958,1
"HAM+NON+AUT+QUA",660,1091,702,643,1,0.2838,0.6667,0.4292,1
"MDI+NON+EIG+NON",661,476,1178,783,1,0.0852,0.6667,0.375,1
"KNN+LOG+LIW+RAN",662,594,1178,667,1,0.0987,0.6667,0.4292,1
"KNN+LOG+LIW+PAR",663,1096,702,643,1,0.2874,0.6667,0.4292,1
"KNN+CUT+LIW+RAN",664,593,1178,672,1,0.0985,0.6667,0.4208,1
"MEI+CUT+LEV+LIW",665,359,1178,907,1,0.0471,0.6667,0.325,1
"HAM+LOG+CUB+LEV",666,1102,702,643,1,0.2966,0.6667,0.4292,1
"KNN+NON+LIW+POW",667,489,1178,780,1,0.0861,0.6667,0.3792,1
"HAM+NON+PQN+AUT",668,1065,702,682,1,0.271,0.6667,0.4167,1
"HAM+LOG+CON+PAR",669,888,550,1018,1,0.1773,0.8333,0.2708,1
"MEI+LOG+PAR+NON",670,939,702,817,1,0.2051,0.6667,0.3667,1
"MDI+NON+MED+PAR",671,860,702,900,1,0.1677,0.6667,0.3292,1
"HAM+NON+CUB+LEV",672,438,1178,847,1,0.0745,0.6667,0.3542,1
"HAM+NON+POW+MED",673,401,1178,884,1,0.0609,0.6667,0.3417,1
"HAM+CUT+AUT+MEA",674,1057,702,708,1,0.2648,0.6667,0.4125,1
"HAM+CUT+RAN+PQN",675,549,1178,740,1,0.0944,0.6667,0.3958,1
"MEI+LOG+PQN+PAR",676,951,702,817,1,0.2077,0.6667,0.3667,1
"HAM+LOG+RAN+MEA",677,471,1178,833,1,0.0847,0.6667,0.3625,1
"HAM+CUT+LEV+MED",678,349,1178,960,1,0.0462,0.6667,0.3,1
"KNN+LOG+PAR+CON",679,659,1508,321,1,0.1048,0.6111,0.525,1
"KNN+NON+POW+MEA",680,532,1178,780,1,0.0911,0.6667,0.3792,1
"HAM+LOG+PAR+LOE",681,950,702,840,1,0.2077,0.6667,0.3583,1
"HAM+CUT+RAN+MEA",682,488,1178,830,1,0.086,0.6667,0.3667,1
"HAM+CUT+PAR+LOE",683,545,1178,780,1,0.0941,0.6667,0.3792,1
"MDI+NON+MEA+NON",684,599,1178,727,1,0.099,0.6667,0.4042,1
"MEI+NON+PQN+PAR",685,879,702,925,1,0.1726,0.6667,0.3125,1
"MEI+CUT+PAR+MED",686,575,1178,759,1,0.0976,0.6667,0.3875,1
"MEI+NON+MED+PAR",687,878,702,938,1,0.1723,0.6667,0.3083,1
"MEI+NON+PAR+NON",688,882,702,938,1,0.1737,0.6667,0.3083,1
"HAM+CUT+AUT+QUA",689,1068,702,753,1,0.272,0.6667,0.3917,1
"HAM+CUT+AUT+CON",690,1206,550,776,1,0.341,0.8333,0.3792,1
"MDI+CUT+PAR+CON",691,890,550,1094,1,0.1781,0.8333,0.2292,1
"MDI+NON+LEV+MED",692,477,1178,884,1,0.0853,0.6667,0.3417,1
"MEI+CUT+PQN+PAR",693,581,1178,783,1,0.098,0.6667,0.375,1
"HAM+CUT+AUT+PQN",694,1097,702,746,1,0.2875,0.6667,0.3958,1
"MEI+CUT+PAR+MEA",695,574,1178,800,1,0.0975,0.6667,0.3708,1
"HAM+CUT+PAR+MED",696,582,1178,800,1,0.098,0.6667,0.3708,1
"MDI+NON+EIG+RAN",697,603,1178,783,1,0.0995,0.6667,0.375,1
"HAM+LOG+PAR+MEA",698,940,702,925,1,0.2052,0.6667,0.3125,1
"KNN+CUT+PAR+LIW",699,948,702,925,1,0.2076,0.6667,0.3125,1
"HAM+LOG+AUT+MEA",700,1041,702,833,1,0.2596,0.6667,0.3625,1
"HAM+CUT+AUT+LOE",701,1045,702,833,1,0.2609,0.6667,0.3625,1
"HAM+LOG+AUT+LOE",702,1048,702,833,1,0.2614,0.6667,0.3625,1
"MEI+CUT+PAR+LOE",703,573,1178,847,1,0.0975,0.6667,0.3542,1
"MEI+NON+PQN+LEV",704,496,1178,925,1,0.0865,0.6667,0.3125,1
"HAM+CUT+PAR+MEA",705,546,1178,891,1,0.0942,0.6667,0.3333,1
"MEI+NON+LEV+NON",706,502,1178,937,1,0.0874,0.6667,0.3083,1
"MEI+CUT+PAR+NON",707,590,1178,855,1,0.0984,0.6667,0.3458,1
"HAM+LOG+VAS+MEA",708,1370,524,753,1,0.5811,0.8889,0.3917,1
"KNN+NON+PAR+NON",709,994,702,952,1,0.2235,0.6667,0.3042,1
"HAM+LOG+AUT+QUA",710,1056,702,892,1,0.2645,0.6667,0.3333,1
"KNN+NON+MED+PAR",711,989,702,960,1,0.2217,0.6667,0.3,1
"MDI+NON+MED+NON",712,585,1178,906,1,0.0981,0.6667,0.3292,1
"KNN+LOG+PAR+LIW",713,1054,702,938,1,0.2643,0.6667,0.3083,1
"KNN+NON+LEV+NON",714,567,1178,959,1,0.0962,0.6667,0.3042,1
"MDI+NON+AUT+CON",715,1366,550,860,1,0.5529,0.8333,0.3458,1
"HAM+CUT+CON+VAS",716,1078,550,1172,1,0.2741,0.8333,0.2083,1
"MEI+NON+PAR+CON",717,1039,1508,886,1516,0.2591,0.6111,0.3375,0.9444
"HAM+CUT+MST+NON",718,72,702,1053,1,0,0.6667,0.2375,1
"MDI+NON+MST+NON",719,73,702,1053,1,1e-04,0.6667,0.2375,1
"MEI+CUT+MST+NON",720,70,702,1120,1,0,0.6667,0.2167,1
"MDI+CUT+EIG+AUT",721,1113,702,141,1,0.3035,0.6667,0.6125,1
"KNN+LOG+SUM+VAS",722,1239,702,73,1,0.3565,0.6667,0.6875,1
"MEI+CUT+MEA+NON",723,278,702,1096,1,0.0309,0.6667,0.225,1
"MDI+LOG+CON+AUT",724,1207,702,188,1,0.3411,0.6667,0.5792,1
"MEI+CUT+LIW+AUT",725,1200,702,197,1,0.3371,0.6667,0.575,1
"MDI+NON+PAR+CON",726,1108,702,292,1,0.3008,0.6667,0.5375,1
"MEI+LOG+CON+AUT",727,1135,702,272,1,0.318,0.6667,0.5417,1
"MEI+CUT+MED+VAS",728,1134,1,998,1,0.3167,1,0.2833,1
"MEI+LOG+MED+VAS",729,1128,1,1009,1,0.3147,1,0.275,1
"MDI+CUT+LIW+AUT",730,1186,702,272,1,0.333,0.6667,0.5417,1
"KNN+LOG+AUT+QUA",731,1172,1,1033,1,0.3287,1,0.2542,1
"HAM+CUT+NON",732,317,702,1189,1,0.0407,0.6667,0.2,1
"KNN+LOG+CON+LEV",733,1237,702,272,1,0.3564,0.6667,0.5417,1
"KNN+NON+LOE+AUT",734,1208,702,310,1,0.3433,0.6667,0.5292,1
"KNN+LOG+EIG+VAS",735,1368,702,153,1,0.5687,0.6667,0.6083,1
"MEI+CUT+MEA+VAS",736,1131,1,1096,1,0.3163,1,0.225,1
"MDI+LOG+CON+LEV",737,1342,702,188,1,0.4471,0.6667,0.5792,1
"HAM+NON+LIW+VAS",738,1377,702,153,1,0.6077,0.6667,0.6083,1
"MDI+CUT+AUT+LOE",739,1219,1,1023,1,0.3519,1,0.2667,1
"KNN+NON+CON+PAR",740,1378,702,170,1,0.6082,0.6667,0.5917,1
"MDI+CUT+AUT+MEA",741,1227,1,1023,1,0.3542,1,0.2667,1
"MEI+LOG+MED+AUT",742,1252,1,1009,1,0.3588,1,0.275,1
"MEI+CUT+MED+AUT",743,1264,1,998,1,0.3609,1,0.2833,1
"MEI+NON+LIW+AUT",744,1224,702,342,1,0.3537,0.6667,0.5208,1
"MDI+LOG+VAS+PQN",745,1159,1,1120,1,0.3261,1,0.2167,1
"MDI+LOG+AUT+LOE",746,1232,1,1049,1,0.3556,1,0.2417,1
"KNN+LOG+LOE+VAS",747,1194,1,1087,1,0.335,1,0.2333,1
"KNN+LOG+AUT+PQN",748,1327,702,255,1,0.4016,0.6667,0.55,1
"KNN+CUT+AUT+QUA",749,1169,1,1120,1,0.3279,1,0.2167,1
"MDI+NON+LIN+NON",750,538,702,1053,1,0.0918,0.6667,0.2375,1
"MDI+LOG+EIG+VAS",751,1123,1,1172,1,0.3114,1,0.2083,1
"MDI+NON+LOE+POW",752,346,702,1259,1,0.0461,0.6667,0.175,1
"MDI+NON+LIN+AUT",753,1255,1,1053,1,0.3592,1,0.2375,1
"MDI+NON+MST+AUT",754,1255,1,1053,1,0.3592,1,0.2375,1
"KNN+CUT+EIG+PAR",755,630,702,980,1,0.1022,0.6667,0.2875,1
"MEI+LOG+CON+LEV",756,1344,702,272,1,0.4488,0.6667,0.5417,1
"KNN+CUT+RAN+NON",757,638,702,980,1,0.1024,0.6667,0.2875,1
"HAM+NON+MEA+VAS",758,1215,1,1109,1,0.3473,1,0.2208,1
"KNN+LOG+MEA+AUT",759,1179,1,1147,1,0.33,1,0.2125,1
"MDI+LOG+AUT+MED",760,1234,1,1094,1,0.3561,1,0.2292,1
"MDI+LOG+QUA+VAS",761,1114,702,527,1,0.3045,0.6667,0.4708,1
"KNN+CUT+PAR+NON",762,662,702,980,1,0.1053,0.6667,0.2875,1
"KNN+CUT+RAN+MEA",763,615,702,1031,1,0.1013,0.6667,0.2583,1
"MDI+NON+AUT+MED",764,1246,702,403,1,0.357,0.6667,0.5083,1
"KNN+LOG+LIW+VAS",765,1130,587,643,1,0.3161,0.7778,0.4292,1
"MEI+NON+LIW+NON",766,1321,702,342,1,0.3905,0.6667,0.5208,1
"MEI+CUT+MEA+AUT",767,1276,1,1096,1,0.3623,1,0.225,1
"MDI+LOG+AUT+MEA",768,1226,1,1147,1,0.3541,1,0.2125,1
"KNN+NON+PQN+RAN",769,620,702,1053,1,0.1017,0.6667,0.2375,1
"MDI+NON+MST+PAR",770,149,1178,1053,1,0.004,0.6667,0.2375,1
"MEI+CUT+LIN+AUT",771,1271,1,1120,1,0.3619,1,0.2167,1
"MEI+CUT+MST+AUT",772,1271,1,1120,1,0.3619,1,0.2167,1
"KNN+NON+AUT+QUA",773,1160,1,1234,1,0.3264,1,0.1833,1
"MEI+NON+EIG+AUT",774,1183,702,517,1,0.3321,0.6667,0.475,1
"MEI+CUT+POW+MEA",775,198,1178,1035,1,0.0156,0.6667,0.2542,1
"MEI+CUT+LEV+MED",776,268,1178,977,1,0.0306,0.6667,0.2917,1
"MDI+CUT+RAN+MEA",777,684,702,1037,1,0.1079,0.6667,0.25,1
"MEI+LOG+LOE+VAS",778,1166,1,1259,1,0.3278,1,0.175,1
"MDI+LOG+LOE+RAN",779,732,702,998,1,0.1106,0.6667,0.2833,1
"MEI+LOG+LIW+PAR",780,1109,702,623,1,0.3016,0.6667,0.4417,1
"KNN+NON+LIW+AUT",781,1126,702,606,1,0.3146,0.6667,0.4458,1
"KNN+CUT+AUT+PQN",782,1308,702,429,1,0.3728,0.6667,0.4958,1
"MDI+LOG+PQN+VAS",783,1161,1,1279,1,0.3264,1,0.1708,1
"MEI+CUT+MED+NON",784,270,1178,995,1,0.0307,0.6667,0.2833,1
"MDI+NON+LIW+AUT",785,1210,702,537,1,0.3439,0.6667,0.4667,1
"KNN+CUT+PQN+RAN",786,640,702,1109,1,0.1025,0.6667,0.2208,1
"KNN+NON+AUT+LIW",787,1212,702,537,1,0.3447,0.6667,0.4667,1
"KNN+LOG+MED+RAN",788,633,702,1120,1,0.1022,0.6667,0.2167,1
"KNN+LOG+LOE+RAN",789,667,702,1087,1,0.106,0.6667,0.2333,1
"KNN+CUT+EIG+LEV",790,299,1178,980,1,0.0352,0.6667,0.2875,1
"HAM+NON+LOE+LEV",791,788,702,970,1,0.1299,0.6667,0.2958,1
"KNN+CUT+LEV+NON",792,306,1178,980,1,0.0365,0.6667,0.2875,1
"MEI+CUT+LIN+POW",793,202,1178,1086,1,0.0156,0.6667,0.2333,1
"MDI+LOG+MEA+VAS",794,1133,1,1333,1,0.3166,1,0.1542,1
"MDI+NON+LOE+NON",795,618,702,1147,1,0.1014,0.6667,0.2125,1
"MDI+LOG+LIW+AUT",796,1202,702,572,1,0.3395,0.6667,0.4542,1
"MEI+CUT+LEV+MEA",797,273,1178,1030,1,0.0308,0.6667,0.2625,1
"KNN+LOG+LIW+AUT",798,1146,702,643,1,0.3214,0.6667,0.4292,1
"MEI+CUT+AUT+PQN",799,1310,702,494,1,0.3747,0.6667,0.4792,1
"KNN+CUT+LIW+AUT",800,1129,702,675,1,0.3158,0.6667,0.4208,1
"MDI+LOG+LOE+NON",801,807,702,998,1,0.1384,0.6667,0.2833,1
"KNN+NON+AUT+PQN",802,1199,702,606,1,0.3367,0.6667,0.4458,1
"MEI+LOG+MED+NON",803,799,702,1009,1,0.1356,0.6667,0.275,1
"MDI+NON+AUT+LOE",804,1222,702,589,1,0.3534,0.6667,0.45,1
"HAM+LOG+VAS+PQN",805,1363,660,494,1,0.5403,0.7222,0.4792,1
"KNN+CUT+RAN+MED",806,626,702,1189,1,0.1019,0.6667,0.2,1
"MEI+CUT+MEA+RAN",807,722,702,1096,1,0.1098,0.6667,0.225,1
"MDI+LOG+EIG+NON",808,660,702,1172,1,0.105,0.6667,0.2083,1
"KNN+NON+RAN+MEA",809,612,702,1220,1,0.1009,0.6667,0.1875,1
"MEI+NON+POW+MED",810,351,1178,1008,1,0.0463,0.6667,0.2792,1
"MEI+CUT+LIN+RAN",811,717,702,1120,1,0.1097,0.6667,0.2167,1
"MEI+CUT+MST+RAN",812,717,702,1120,1,0.1097,0.6667,0.2167,1
"HAM+NON+LOE+PAR",813,867,702,970,1,0.1692,0.6667,0.2958,1
"MEI+LOG+SUM+RAN",814,322,645,44,1530,0.0415,0.7222,0.725,0.8889
"KNN+NON+POW+LIW",815,875,660,1009,1,0.1719,0.7222,0.275,1
"MEI+NON+LOE+NON",816,657,702,1189,1,0.1046,0.6667,0.2,1
"MEI+NON+POW+MEA",817,356,1178,1016,1,0.0466,0.6667,0.2708,1
"HAM+CUT+LIN+NON",818,320,1178,1053,1,0.0414,0.6667,0.2375,1
"HAM+CUT+POW+NON",819,229,1178,1147,1,0.0214,0.6667,0.2125,1
"MDI+LOG+AUT+LIW",820,1288,702,572,1,0.3649,0.6667,0.4542,1
"MDI+LOG+RAN+PQN",821,741,702,1120,1,0.1112,0.6667,0.2167,1
"MDI+NON+PQN+NON",822,589,702,1279,1,0.0984,0.6667,0.1708,1
"MDI+NON+AUT+MEA",823,1229,702,639,1,0.3545,0.6667,0.4333,1
"MDI+LOG+RAN+MEA",824,683,702,1187,1,0.1078,0.6667,0.2042,1
"MDI+NON+LOE+RAN",825,726,702,1147,1,0.11,0.6667,0.2125,1
"KNN+NON+LEV+MEA",826,564,702,1309,1,0.0961,0.6667,0.1625,1
"MDI+CUT+MED+RAN",827,685,702,1189,1,0.108,0.6667,0.2,1
"HAM+CUT+LIN+LEV",828,347,1178,1053,1,0.0462,0.6667,0.2375,1
"HAM+CUT+MST+LEV",829,347,1178,1053,1,0.0462,0.6667,0.2375,1
"KNN+CUT+PQN+LEV",830,302,1178,1106,1,0.036,0.6667,0.2208,1
"MEI+LOG+LIW+AUT",831,1262,702,623,1,0.3607,0.6667,0.4417,1
"MDI+NON+CON+RAN",832,771,587,1234,1,0.1224,0.7778,0.1833,1
"MEI+CUT+LIN+LEV",833,274,1178,1141,1,0.0309,0.6667,0.2167,1
"MEI+CUT+MST+LEV",834,274,1178,1141,1,0.0309,0.6667,0.2167,1
"MEI+CUT+LIN+NON",835,281,1178,1141,1,0.031,0.6667,0.2167,1
"MDI+NON+LIN+PAR",836,845,702,1053,1,0.1627,0.6667,0.2375,1
"MDI+CUT+POW+PQN",837,203,1178,1220,1,0.0156,0.6667,0.1875,1
"MDI+NON+LIN+POW",838,329,1178,1096,1,0.0439,0.6667,0.225,1
"HAM+NON+MEA+NON",839,793,702,1109,1,0.1341,0.6667,0.2208,1
"KNN+NON+MEA+PAR",840,1145,702,759,1,0.321,0.6667,0.3875,1
"HAM+NON+POW+PQN",841,412,1178,1029,1,0.0635,0.6667,0.2667,1
"MEI+CUT+LOE+PAR",842,610,702,1309,1,0.1006,0.6667,0.1625,1
"KNN+NON+POW+NON",843,466,1178,977,1,0.084,0.6667,0.2917,1
"MDI+CUT+MED+NON",844,256,1178,1189,1,0.03,0.6667,0.2,1
"MDI+LOG+MED+RAN",845,678,702,1245,1,0.1075,0.6667,0.1792,1
"MEI+LOG+SUM+VAS",846,410,645,44,1530,0.0631,0.7222,0.725,0.8889
"HAM+CUT+LIN+POW",847,231,1178,1220,1,0.0217,0.6667,0.1875,1
"KNN+NON+POW+EIG",848,457,1178,995,1,0.082,0.6667,0.2833,1
"KNN+CUT+MED+RAN",849,639,702,1293,1,0.1024,0.6667,0.1667,1
"MEI+LOG+LIW+NON",850,1311,702,623,1,0.375,0.6667,0.4417,1
"MDI+CUT+RAN+EIG",851,421,1178,1037,1,0.0662,0.6667,0.25,1
"MDI+NON+MST+POW",852,83,1457,1096,1,0.0011,0.6667,0.225,1
"KNN+LOG+VAS+MED",853,1380,702,555,1,0.6354,0.6667,0.4625,1
"MEI+NON+LOE+RAN",854,751,702,1189,1,0.1125,0.6667,0.2,1
"MEI+CUT+MST+POW",855,80,1478,1085,1,4e-04,0.6667,0.2333,1
"MEI+LOG+MED+PAR",856,932,702,1009,1,0.204,0.6667,0.275,1
"MDI+NON+LEV+MEA",857,486,1178,980,1,0.086,0.6667,0.2875,1
"HAM+CUT+MST+PAR",858,134,1457,1053,1,0.0024,0.6667,0.2375,1
"KNN+LOG+RAN+MST",859,128,1178,1340,1,0.0022,0.6667,0.15,1
"MDI+NON+EIG+AUT",860,1163,702,783,1,0.3269,0.6667,0.375,1
"MDI+LOG+LOE+PAR",861,953,702,998,1,0.2081,0.6667,0.2833,1
"HAM+NON+LOE+RAN",862,508,1178,969,1,0.0878,0.6667,0.2958,1
"MEI+CUT+LOE+POW",863,204,1178,1275,1,0.0158,0.6667,0.1708,1
"MDI+CUT+RAN+PQN",864,721,702,1234,1,0.1098,0.6667,0.1833,1
"MEI+NON+LEV+MEA",865,500,1178,980,1,0.0869,0.6667,0.2875,1
"KNN+NON+RAN+MED",866,619,702,1340,1,0.1015,0.6667,0.15,1
"HAM+CUT+LIN+RAN",867,434,1178,1053,1,0.0737,0.6667,0.2375,1
"HAM+CUT+MST+RAN",868,434,1178,1053,1,0.0737,0.6667,0.2375,1
"HAM+LOG+CON+VAS",869,949,702,1018,1,0.2077,0.6667,0.2708,1
"KNN+LOG+LOE+NON",870,881,702,1087,1,0.1733,0.6667,0.2333,1
"MDI+NON+MEA+AUT",871,1260,702,713,1,0.3603,0.6667,0.4042,1
"MDI+LOG+PAR+QUA",872,927,702,1049,1,0.2015,0.6667,0.2417,1
"MDI+NON+PQN+RAN",873,700,702,1279,1,0.1088,0.6667,0.1708,1
"MDI+LOG+PQN+RAN",874,701,702,1279,1,0.1089,0.6667,0.1708,1
"MDI+CUT+LOE+POW",875,200,1178,1305,1,0.0156,0.6667,0.1667,1
"MDI+CUT+LOE+RAN",876,728,702,1259,1,0.1102,0.6667,0.175,1
"MDI+CUT+LEV+PQN",877,280,1178,1232,1,0.031,0.6667,0.1833,1
"HAM+NON+MEA+PAR",878,891,702,1109,1,0.1781,0.6667,0.2208,1
"MDI+LOG+MEA+RAN",879,669,702,1333,1,0.1063,0.6667,0.1542,1
"HAM+LOG+CON+RAN",880,511,1178,1016,1,0.0881,0.6667,0.2708,1
"HAM+CUT+LEV+NON",881,340,1178,1189,1,0.0455,0.6667,0.2,1
"MEI+LOG+LOE+RAN",882,749,702,1259,1,0.112,0.6667,0.175,1
"MEI+LOG+AUT+LIW",883,1205,702,803,1,0.341,0.6667,0.3708,1
"MDI+CUT+LOE+NON",884,276,1178,1259,1,0.0309,0.6667,0.175,1
"HAM+LOG+VAS+MED",885,1351,587,776,1,0.4779,0.7778,0.3792,1
"MDI+NON+LIN+LEV",886,484,1178,1053,1,0.0859,0.6667,0.2375,1
"MDI+NON+MST+LEV",887,484,1178,1053,1,0.0859,0.6667,0.2375,1
"MDI+LOG+EIG+PAR",888,842,702,1172,1,0.1622,0.6667,0.2083,1
"KNN+LOG+AUT+MEA",889,1162,702,852,1,0.3267,0.6667,0.35,1
"MDI+LOG+PAR+LOE",890,929,702,1087,1,0.2017,0.6667,0.2333,1
"MDI+LOG+PAR+MEA",891,920,702,1096,1,0.2002,0.6667,0.225,1
"MDI+CUT+LOE+LEV",892,283,1178,1259,1,0.0311,0.6667,0.175,1
"MDI+CUT+PQN+RAN",893,694,702,1326,1,0.1085,0.6667,0.1583,1
"MDI+NON+LOE+PAR",894,880,702,1147,1,0.1729,0.6667,0.2125,1
"MDI+LOG+PAR+EIG",895,823,702,1210,1,0.1465,0.6667,0.1958,1
"MDI+NON+MEA+VAS",896,1322,702,713,1,0.3941,0.6667,0.4042,1
"MDI+LOG+MED+NON",897,791,702,1245,1,0.133,0.6667,0.1792,1
"MDI+NON+MED+VAS",898,1137,702,900,1,0.3187,0.6667,0.3292,1
"MEI+CUT+MST+PAR",899,137,1457,1146,1,0.0024,0.6667,0.2167,1
"KNN+CUT+EIG+RAN",900,583,1178,980,1,0.0981,0.6667,0.2875,1
"MDI+LOG+RAN+EIG",901,423,1178,1141,1,0.0666,0.6667,0.2167,1
"MDI+LOG+PAR+MED",902,923,702,1120,1,0.2004,0.6667,0.2167,1
"KNN+NON+PQN+PAR",903,990,702,1053,1,0.2217,0.6667,0.2375,1
"HAM+CUT+LIN+AUT",904,991,702,1053,1,0.222,0.6667,0.2375,1
"HAM+CUT+MST+AUT",905,991,702,1053,1,0.222,0.6667,0.2375,1
"MDI+CUT+AUT+EIG",906,993,702,1053,1,0.2225,0.6667,0.2375,1
"KNN+LOG+VAS+EIG",907,1334,702,713,1,0.4325,0.6667,0.4042,1
"MEI+CUT+MED+PAR",908,579,1178,995,1,0.0977,0.6667,0.2833,1
"MDI+NON+POW+PQN",909,354,1178,1220,1,0.0465,0.6667,0.1875,1
"HAM+CUT+LIN+PAR",910,524,1178,1053,1,0.0899,0.6667,0.2375,1
"MEI+NON+LOE+POW",911,358,1178,1220,1,0.047,0.6667,0.1875,1
"HAM+NON+LOE+AUT",912,1085,702,970,1,0.2806,0.6667,0.2958,1
"MDI+CUT+PQN+NON",913,257,1178,1323,1,0.03,0.6667,0.1583,1
"HAM+CUT+MST+POW",914,82,1457,1220,1,6e-04,0.6667,0.1875,1
"MEI+CUT+LOE+RAN",915,750,702,1309,1,0.1123,0.6667,0.1625,1
"MDI+CUT+PQN+LEV",916,260,1178,1323,1,0.0302,0.6667,0.1583,1
"KNN+LOG+AUT+NON",917,1168,702,892,1,0.3278,0.6667,0.3333,1
"HAM+LOG+NON",918,917,702,1147,1,0.199,0.6667,0.2125,1
"MDI+CUT+PAR+LOE",919,556,1178,1035,1,0.0953,0.6667,0.2542,1
"MDI+LOG+PAR+PQN",920,947,702,1120,1,0.2072,0.6667,0.2167,1
"HAM+LOG+PAR+NON",921,921,702,1147,1,0.2003,0.6667,0.2125,1
"MEI+CUT+LOE+LEV",922,284,1178,1309,1,0.0315,0.6667,0.1625,1
"MEI+CUT+LOE+NON",923,285,1178,1309,1,0.0315,0.6667,0.1625,1
"MDI+NON+POW+MEA",924,338,1178,1257,1,0.0455,0.6667,0.1792,1
"MEI+LOG+LOE+NON",925,813,702,1259,1,0.1402,0.6667,0.175,1
"HAM+NON+NON",926,779,702,1293,1,0.124,0.6667,0.1667,1
"MDI+CUT+PAR+MED",927,554,1178,1043,1,0.0953,0.6667,0.2458,1
"MDI+CUT+PAR+MEA",928,555,1178,1043,1,0.0953,0.6667,0.2458,1
"MDI+LOG+PQN+NON",929,795,702,1279,1,0.1343,0.6667,0.1708,1
"KNN+CUT+LOE+AUT",930,1214,702,860,1,0.3463,0.6667,0.3458,1
"KNN+LOG+LOE+PAR",931,988,702,1087,1,0.2211,0.6667,0.2333,1
"KNN+LOG+AUT+LOE",932,1167,702,908,1,0.3278,0.6667,0.3208,1
"HAM+CUT+POW+LIN",933,325,1178,1275,1,0.0424,0.6667,0.1708,1
"KNN+NON+PQN+LEV",934,547,1178,1053,1,0.0942,0.6667,0.2375,1
"HAM+LOG+MEA+PAR",935,908,702,1172,1,0.1928,0.6667,0.2083,1
"MEI+NON+LOE+PAR",936,892,702,1189,1,0.1783,0.6667,0.2,1
"HAM+LOG+RAN+NON",937,459,1178,1147,1,0.0825,0.6667,0.2125,1
"HAM+NON+PAR+PQN",938,840,702,1245,1,0.1612,0.6667,0.1792,1
"KNN+CUT+LEV+MEA",939,304,1178,1305,1,0.0361,0.6667,0.1667,1
"MEI+LOG+AUT+NON",940,1269,702,817,1,0.3617,0.6667,0.3667,1
"KNN+CUT+LEV+MED",941,301,1178,1309,1,0.0359,0.6667,0.1625,1
"KNN+LOG+AUT+LIW",942,1201,702,886,1,0.3382,0.6667,0.3375,1
"HAM+NON+POW+NON",943,396,1178,1217,1,0.0595,0.6667,0.1917,1
"KNN+LOG+AUT+MED",944,1170,702,925,1,0.3281,0.6667,0.3125,1
"HAM+LOG+CON+AUT",945,1080,702,1018,1,0.2767,0.6667,0.2708,1
"HAM+NON+LEV+MED",946,777,702,1326,1,0.1238,0.6667,0.1583,1
"MDI+LOG+AUT+EIG",947,997,702,1109,1,0.2246,0.6667,0.2208,1
"KNN+NON+PQN+POW",948,462,1178,1168,1,0.083,0.6667,0.2083,1
"KNN+NON+AUT+NON",949,1156,702,952,1,0.3253,0.6667,0.3042,1
"HAM+LOG+MEA+NON",950,943,702,1172,1,0.2061,0.6667,0.2083,1
"MDI+NON+PAR+LIW",951,1180,702,938,1,0.33,0.6667,0.3083,1
"KNN+NON+MED+AUT",952,1158,702,960,1,0.3256,0.6667,0.3,1
"MDI+NON+PQN+POW",953,337,1178,1309,1,0.0453,0.6667,0.1625,1
"MDI+LOG+MEA+NON",954,796,702,1333,1,0.1345,0.6667,0.1542,1
"HAM+NON+PAR+NON",955,838,702,1293,1,0.1593,0.6667,0.1667,1
"MDI+NON+LOE+LEV",956,509,1178,1147,1,0.088,0.6667,0.2125,1
"HAM+CUT+RAN+NON",957,468,1178,1189,1,0.0845,0.6667,0.2,1
"MDI+NON+PQN+PAR",958,857,702,1279,1,0.1675,0.6667,0.1708,1
"MDI+NON+MED+AUT",959,1236,702,900,1,0.3564,0.6667,0.3292,1
"MEI+CUT+AUT+NON",960,1284,702,860,1,0.364,0.6667,0.3458,1
"HAM+NON+MEA+RAN",961,566,1178,1106,1,0.0961,0.6667,0.2208,1
"HAM+LOG+VAS+EIG",962,1309,501,1047,1,0.3736,0.9444,0.2458,1
"MEI+CUT+MEA+PAR",963,588,1178,1096,1,0.0984,0.6667,0.225,1
"HAM+LOG+PQN+RAN",964,470,1178,1217,1,0.0847,0.6667,0.1917,1
"MDI+LOG+MED+PAR",965,919,702,1245,1,0.2,0.6667,0.1792,1
"MDI+LOG+EIG+RAN",966,527,1178,1168,1,0.0908,0.6667,0.2083,1
"HAM+CUT+VSN",967,954,702,1220,1,0.2086,0.6667,0.1875,1
"HAM+CUT+POW+MST",968,146,1457,1274,1,0.003,0.6667,0.1708,1
"HAM+LOG+AUT+NON",969,1031,702,1147,1,0.252,0.6667,0.2125,1
"MEI+NON+LOE+LEV",970,517,1178,1189,1,0.0888,0.6667,0.2,1
"HAM+LOG+PQN+PAR",971,980,702,1211,1,0.2187,0.6667,0.1917,1
"MEI+LOG+SUM+AUT",972,671,660,44,1523,0.1064,0.7222,0.725,0.8889
"HAM+LOG+PQN+NON",973,995,702,1211,1,0.2243,0.6667,0.1917,1
"MDI+LOG+PQN+PAR",974,928,702,1279,1,0.2016,0.6667,0.1708,1
"HAM+CUT+PAR+NON",975,542,1178,1189,1,0.093,0.6667,0.2,1
"MEI+CUT+LIN+PAR",976,592,1178,1141,1,0.0985,0.6667,0.2167,1
"MEI+CUT+PAR+CON",977,911,660,1340,1,0.1956,0.7222,0.15,1
"MDI+NON+VSN",978,1300,702,910,1,0.3685,0.6667,0.3167,1
"KNN+NON+POW+MED",979,461,1178,1275,1,0.083,0.6667,0.1708,1
"MEI+NON+MED+AUT",980,1278,702,938,1,0.3623,0.6667,0.3083,1
"MEI+NON+PQN+AUT",981,1292,702,925,1,0.3658,0.6667,0.3125,1
"HAM+CUT+LEV+MST",982,131,1480,1309,1,0.0023,0.6111,0.1625,1
"MDI+CUT+MED+PAR",983,558,1178,1189,1,0.0955,0.6667,0.2,1
"MEI+LOG+LOE+PAR",984,966,702,1259,1,0.2114,0.6667,0.175,1
"MEI+NON+AUT+NON",985,1291,702,938,1,0.3656,0.6667,0.3083,1
"HAM+CUT+AUT+NON",986,1040,702,1189,1,0.2595,0.6667,0.2,1
"MDI+NON+PQN+LEV",987,479,1178,1275,1,0.0855,0.6667,0.1708,1
"KNN+LOG+AUT+MST",988,136,1480,1322,1,0.0024,0.6111,0.1583,1
"KNN+NON+LEV+MED",989,548,1178,1217,1,0.0943,0.6667,0.1917,1
"HAM+NON+RAN+PQN",990,516,1178,1257,1,0.0886,0.6667,0.1792,1
"MDI+LOG+MEA+PAR",991,924,702,1333,1,0.2005,0.6667,0.1542,1
"HAM+CUT+LEV+LIN",992,172,1480,1309,1,0.0097,0.6111,0.1625,1
"HAM+CUT+CON+AUT",993,1241,550,1172,1,0.3567,0.8333,0.2083,1
"KNN+NON+PAR+MED",994,983,702,1279,1,0.2203,0.6667,0.1708,1
"HAM+LOG+PQN+AUT",995,1055,702,1211,1,0.2643,0.6667,0.1917,1
"KNN+LOG+VAS+NON",996,1379,702,892,1,0.6328,0.6667,0.3333,1
"KNN+NON+MED+VAS",997,1314,702,960,1,0.3817,0.6667,0.3,1
"HAM+NON+VSN",998,580,1178,1220,1,0.0978,0.6667,0.1875,1
"MDI+LOG+EIG+AUT",999,1105,702,1172,1,0.2985,0.6667,0.2083,1
"MDI+CUT+PAR+PQN",1000,570,1178,1232,1,0.0973,0.6667,0.1833,1
"HAM+NON+RAN+NON",1001,506,1178,1305,1,0.0876,0.6667,0.1667,1
"KNN+LOG+RAN+LIN",1002,492,1178,1340,1,0.0863,0.6667,0.15,1
"KNN+NON+MED+NON",1003,1357,702,960,1,0.5244,0.6667,0.3,1
"HAM+NON+AUT+PQN",1004,1074,702,1245,1,0.2732,0.6667,0.1792,1
"MDI+CUT+LOE+PAR",1005,591,1178,1259,1,0.0984,0.6667,0.175,1
"HAM+LOG+VSN",1006,1089,702,1259,1,0.2822,0.6667,0.175,1
"HAM+NON+AUT+NON",1007,1064,702,1293,1,0.2703,0.6667,0.1667,1
"MDI+CUT+PQN+PAR",1008,559,1178,1323,1,0.0956,0.6667,0.1583,1
"HAM+CUT+PAR+QUA",1009,557,1178,1340,1,0.0954,0.6667,0.15,1
"MEI+LOG+SUM+LEV",1010,894,660,44,1523,0.1793,0.7222,0.725,0.8889
"KNN+CUT+MED+VAS",1011,1365,524,1293,1,0.5515,0.8889,0.1667,1
"KNN+NON+LIN+NON",1012,1362,1541,321,1,0.5357,0.5,0.525,1
"KNN+NON+MEA+VAS",1013,1197,1508,759,1,0.3365,0.6111,0.3875,1
"KNN+NON+NON",1014,1358,1508,952,1,0.5264,0.6111,0.3042,1
"KNN+LOG+AUT+LIN",1015,1036,1508,1326,1,0.2586,0.6111,0.1583,1
"KNN+NON+AUT+CON",1016,1032,660,1220,1516,0.2521,0.7222,0.1875,0.9444
"MEI+NON+AUT+CON",1017,1328,702,952,1516,0.4016,0.6667,0.3042,0.9444
"MDI+CUT+AUT+CON",1018,1353,501,1245,1506,0.4971,0.9444,0.1792,0.9722
"KNN+CUT+EIG+AUT",1019,1132,702,980,1,0.3163,0.6667,0.2875,1
"MDI+LOG+LOE+VAS",1020,1125,702,998,1,0.3146,0.6667,0.2833,1
"KNN+CUT+AUT+NON",1021,1165,702,980,1,0.3273,0.6667,0.2875,1
"KNN+CUT+AUT+MEA",1022,1154,702,1037,1,0.3245,0.6667,0.25,1
"KNN+NON+PQN+AUT",1023,1157,702,1053,1,0.3255,0.6667,0.2375,1
"HAM+NON+MEA+AUT",1024,1117,702,1109,1,0.3055,0.6667,0.2208,1
"KNN+CUT+AUT+LOE",1025,1140,702,1120,1,0.32,0.6667,0.2167,1
"MDI+LOG+LOE+AUT",1026,1287,702,998,1,0.3649,0.6667,0.2833,1
"KNN+CUT+PQN+AUT",1027,1176,702,1109,1,0.3291,0.6667,0.2208,1
"MDI+CUT+VSN",1028,1316,702,970,1,0.3861,0.6667,0.2958,1
"KNN+LOG+MED+AUT",1029,1174,702,1120,1,0.3289,0.6667,0.2167,1
"KNN+LOG+LOE+AUT",1030,1211,702,1087,1,0.3446,0.6667,0.2333,1
"KNN+CUT+AUT+LIW",1031,1198,702,1109,1,0.3366,0.6667,0.2208,1
"MDI+CUT+MED+VAS",1032,1121,702,1189,1,0.3085,0.6667,0.2,1
"HAM+LOG+CON+LEV",1033,1339,702,1018,1,0.4411,0.6667,0.2708,1
"MDI+LOG+VSN",1034,1326,702,1033,1,0.3988,0.6667,0.2542,1
"MDI+LOG+MED+VAS",1035,1118,702,1245,1,0.3055,0.6667,0.1792,1
"MEI+CUT+AUT+LIW",1036,1315,702,1053,1,0.3833,0.6667,0.2375,1
"KNN+LOG+MED+VAS",1037,1367,587,1120,1,0.5675,0.7778,0.2167,1
"KNN+CUT+AUT+MED",1038,1164,702,1211,1,0.327,0.6667,0.1917,1
"HAM+LOG+VAS+NON",1039,1350,587,1147,1,0.4746,0.7778,0.2125,1
"MDI+LOG+AUT+PQN",1040,1282,702,1120,1,0.3634,0.6667,0.2167,1
"KNN+NON+AUT+MEA",1041,1148,702,1259,1,0.3217,0.6667,0.175,1
"MDI+NON+LOE+AUT",1042,1267,702,1147,1,0.3613,0.6667,0.2125,1
"MDI+CUT+MED+AUT",1043,1231,702,1189,1,0.3551,0.6667,0.2,1
"HAM+CUT+CON+PAR",1044,1303,660,1172,1,0.37,0.7222,0.2083,1
"KNN+NON+AUT+LOE",1045,1136,702,1309,1,0.3187,0.6667,0.1625,1
"HAM+CUT+CON+NON",1046,1323,660,1172,1,0.3956,0.7222,0.2083,1
"MDI+NON+CON+AUT",1047,1347,587,1234,1,0.4607,0.7778,0.1833,1
"KNN+CUT+MED+AUT",1048,1173,702,1293,1,0.3287,0.6667,0.1667,1
"MDI+LOG+MED+AUT",1049,1223,702,1245,1,0.3535,0.6667,0.1792,1
"MDI+CUT+AUT+PQN",1050,1253,702,1234,1,0.3589,0.6667,0.1833,1
"MEI+NON+LOE+AUT",1051,1304,702,1189,1,0.3709,0.6667,0.2,1
"MDI+LOG+PQN+AUT",1052,1240,702,1279,1,0.3566,0.6667,0.1708,1
"MDI+NON+PQN+AUT",1053,1247,702,1279,1,0.3572,0.6667,0.1708,1
"MDI+CUT+LOE+AUT",1054,1281,702,1259,1,0.3629,0.6667,0.175,1
"HAM+CUT+CON+LEV",1055,1372,702,1172,1,0.5891,0.6667,0.2083,1
"MDI+LOG+MEA+AUT",1056,1216,702,1333,1,0.3483,0.6667,0.1542,1
"MDI+CUT+AUT+LIW",1057,1265,702,1293,1,0.361,0.6667,0.1667,1
"MEI+LOG+LOE+AUT",1058,1305,702,1259,1,0.3711,0.6667,0.175,1
"MDI+CUT+PQN+AUT",1059,1238,702,1326,1,0.3565,0.6667,0.1583,1
"MDI+NON+CON+LEV",1060,1375,660,1234,1,0.6002,0.7222,0.1833,1
"MEI+CUT+AUT+CON",1061,1381,587,1333,1,0.6619,0.7778,0.1542,1
"MEI+CUT+LOE+AUT",1062,1306,702,1309,1,0.3713,0.6667,0.1625,1
"KNN+NON+PQN+NON",1063,1356,1508,1053,1,0.5197,0.6111,0.2375,1
"MDI+NON+CON+PAR",1064,1335,1526,1234,1,0.4332,0.5556,0.1833,1
"MDI+NON+CON+VAS",1065,1354,1508,1234,1,0.4998,0.6111,0.1833,1
"MDI+NON+CON+NON",1066,1355,1526,1234,1,0.5067,0.5556,0.1833,1
"HAM+LOG+SUM+POW",1067,1404,1,34,1,1.1369,1,0.7333,1
"HAM+CUT+SUM+PAR",1068,1402,1,54,1,1.0198,1,0.7208,1
"HAM+CUT+SUM+VAS",1069,1405,1,54,1,1.1772,1,0.7208,1
"HAM+LOG+SUM+PAR",1070,1480,1,13,1,2.4306,1,0.75,1
"MEI+NON+VAS+EIG",1071,1424,1,97,1,1.5065,1,0.6667,1
"KNN+LOG+LEV+MEA",1072,1565,1,1,1,5.0112,1,0.825,1
"HAM+CUT+POW+SUM",1073,1579,1,5,1,6.2976,1,0.7667,1
"HAM+LOG+LIN+LEV",1074,1491,1,126,1,2.6106,1,0.6167,1
"HAM+LOG+MST+LEV",1075,1491,1,126,1,2.6106,1,0.6167,1
"KNN+CUT+VAS+EIG",1076,1526,1,101,1,3.199,1,0.6583,1
"HAM+NON+POW+SUM",1077,1623,1,5,1,13.5569,1,0.7667,1
"HAM+LOG+LIW+LEV",1078,1416,1,233,1,1.4223,1,0.5625,1
"KNN+LOG+EIG+LEV",1079,1509,1,153,1,2.7821,1,0.6083,1
"MEI+CUT+VAS+EIG",1080,1551,1,123,1,4.4248,1,0.6208,1
"HAM+CUT+SUM+NON",1081,1620,1,54,1,10.9645,1,0.7208,1
"HAM+LOG+SUM+NON",1082,1661,1,13,1,66.8199,1,0.75,1
"HAM+CUT+LEV+SUM",1083,1621,1,64,1,12.7551,1,0.7083,1
"KNN+LOG+LEV+SUM",1084,1689,1,2,1,1736.6343,1,0.8125,1
"KNN+NON+QUA+VAS",1085,1445,1,255,1,1.9613,1,0.55,1
"MEI+CUT+EIG+VAS",1086,1597,1,107,1,7.9299,1,0.65,1
"KNN+LOG+LIN+LEV",1087,1513,1,213,1,2.8526,1,0.5667,1
"KNN+LOG+MST+LEV",1088,1513,1,213,1,2.8526,1,0.5667,1
"MDI+CUT+EIG+VAS",1089,1595,1,141,1,7.8438,1,0.6125,1
"HAM+NON+LEV+SUM",1090,1641,1,101,1,23.0755,1,0.6583,1
"HAM+CUT+PAR+SUM",1091,1644,1,104,1,27.4097,1,0.6542,1
"KNN+NON+CUB+NON",1092,1393,1,365,1,0.8122,1,0.5167,1
"MEI+CUT+LIW+VAS",1093,1568,1,197,1,5.5989,1,0.575,1
"MEI+LOG+MEA+LEV",1094,1473,1,292,1,2.3371,1,0.5375,1
"HAM+LOG+PAR+SUM",1095,1664,1,116,1,74.9832,1,0.6458,1
"HAM+NON+PAR+SUM",1096,1648,1,141,1,28.4966,1,0.6125,1
"KNN+LOG+CUB+LEV",1097,1438,1,365,1,1.8973,1,0.5167,1
"HAM+LOG+RAN+SUM",1098,1654,1,153,1,34.3123,1,0.6083,1
"HAM+CUT+RAN+SUM",1099,1649,1,164,1,29.5831,1,0.6042,1
"HAM+NON+VAS+EIG",1100,1385,1,438,1,0.7402,1,0.4917,1
"KNN+LOG+LEV+PQN",1101,1569,1,255,1,5.6466,1,0.55,1
"MEI+LOG+EIG+LEV",1102,1464,1,365,1,2.1895,1,0.5167,1
"HAM+NON+LIN+VAS",1103,1412,1,438,1,1.3246,1,0.4917,1
"HAM+NON+MST+VAS",1104,1412,1,438,1,1.3246,1,0.4917,1
"HAM+CUT+VAS+EIG",1105,1452,1,403,1,2.0712,1,0.5083,1
"KNN+NON+CUB+VAS",1106,1521,1,365,1,3.0343,1,0.5167,1
"HAM+LOG+QUA+LEV",1107,1484,1,408,1,2.4834,1,0.5,1
"MEI+NON+VAS+MED",1108,1505,1,408,1,2.7371,1,0.5,1
"KNN+CUT+QUA+VAS",1109,1572,1,342,1,5.7655,1,0.5208,1
"HAM+NON+RAN+SUM",1110,1633,1,292,1,20.5003,1,0.5375,1
"MEI+NON+CUB+VAS",1111,1537,1,408,1,3.7578,1,0.5,1
"MDI+NON+VAS+EIG",1112,1423,1,527,1,1.4929,1,0.4708,1
"KNN+CUT+CUB+VAS",1113,1611,1,365,1,8.676,1,0.5167,1
"MEI+CUT+QUA+VAS",1114,1591,1,393,1,7.4082,1,0.5125,1
"MEI+NON+EIG+VAS",1115,1490,1,517,1,2.5906,1,0.475,1
"HAM+NON+SUM+VAS",1116,1472,524,34,1,2.3262,0.8889,0.7333,1
"HAM+CUT+LOE+VAS",1117,1542,1,494,1,4.1652,1,0.4792,1
"HAM+CUT+VAS+MED",1118,1546,1,494,1,4.2092,1,0.4792,1
"KNN+CUT+LIN+VAS",1119,1561,1,480,1,4.8255,1,0.4833,1
"KNN+CUT+MST+VAS",1120,1561,1,480,1,4.8255,1,0.4833,1
"KNN+CUT+SUM+PAR",1121,1459,501,87,1,2.1246,0.9444,0.675,1
"MDI+LOG+QUA+LEV",1122,1523,1,527,1,3.1133,1,0.4708,1
"KNN+CUT+PAR+QUA",1123,661,1,1389,1,0.1051,1,0.1333,1
"MEI+CUT+CUB+VAS",1124,1619,1,438,1,10.5893,1,0.4917,1
"KNN+LOG+PAR+SUM",1125,1659,1,408,1,50.5088,1,0.5,1
"MEI+NON+QUA+VAS",1126,1486,1,589,1,2.5342,1,0.45,1
"HAM+NON+SUM+PAR",1127,1530,524,34,1,3.3989,0.8889,0.7333,1
"MDI+NON+CUB+VAS",1128,1535,1,555,1,3.6051,1,0.4625,1
"MDI+LOG+CUB+LEV",1129,1456,1,643,1,2.1002,1,0.4292,1
"MEI+CUT+VAS+PQN",1130,1607,1,494,1,8.2229,1,0.4792,1
"HAM+NON+PQN+VAS",1131,1419,1,682,1,1.4573,1,0.4167,1
"MDI+NON+VAS+MED",1132,1502,1,606,1,2.7237,1,0.4458,1
"MDI+NON+SUM+PAR",1133,1499,550,65,1,2.6924,0.8333,0.7042,1
"MEI+NON+SUM+PAR",1134,1498,550,79,1,2.6632,0.8333,0.6792,1
"HAM+LOG+MED+LEV",1135,1475,501,179,1,2.3409,0.9444,0.5875,1
"MDI+NON+QUA+VAS",1136,1482,1,682,1,2.473,1,0.4167,1
"KNN+CUT+MEA+VAS",1137,1397,1,767,1,0.8241,1,0.3833,1
"KNN+CUT+MEA+LEV",1138,1414,1,767,1,1.3512,1,0.3833,1
"MDI+CUT+VAS+LIW",1139,1614,1,572,1,8.9413,1,0.4542,1
"MEI+NON+POW+SUM",1140,1596,524,72,1,7.8455,0.8889,0.6958,1
"HAM+NON+VAS+MED",1141,1422,1,776,1,1.479,1,0.3792,1
"KNN+CUT+SUM+VAS",1142,1612,501,87,1,8.8626,0.9444,0.675,1
"KNN+CUT+SUM+NON",1143,1627,501,87,1,16.0651,0.9444,0.675,1
"HAM+NON+SUM+NON",1144,1658,524,34,1,44.0146,0.8889,0.7333,1
"MDI+NON+SUM+VAS",1145,1609,550,65,1,8.5142,0.8333,0.7042,1
"HAM+CUT+PQN+VAS",1146,1543,1,682,1,4.1814,1,0.4167,1
"MEI+NON+SUM+VAS",1147,1605,550,79,1,8.2116,0.8333,0.6792,1
"KNN+CUT+CON+RAN",1148,780,1,1468,1,0.125,1,0.0917,1
"MDI+NON+SUM+NON",1149,1636,550,65,1,22.0776,0.8333,0.7042,1
"HAM+CUT+EIG+VAS",1150,1538,1,713,1,3.9638,1,0.4042,1
"MDI+CUT+CUB+VAS",1151,1617,1,643,1,10.3213,1,0.4292,1
"MEI+NON+SUM+NON",1152,1637,550,79,1,22.1667,0.8333,0.6792,1
"MDI+NON+EIG+VAS",1153,1489,1,783,1,2.5896,1,0.375,1
"HAM+CUT+VAS+PQN",1154,1552,1,746,1,4.506,1,0.3958,1
"HAM+NON+CUB+VAS",1155,1465,1,844,1,2.1987,1,0.3542,1
"HAM+LOG+EIG+LEV",1156,1426,550,342,1,1.5426,0.8333,0.5208,1
"MEI+CUT+SUM+LEV",1157,144,544,63,1587,0.0029,0.8333,0.7167,0.6667
"HAM+CUT+VAS+SUM",1158,1690,550,101,1,1845.7563,0.8333,0.6583,1
"HAM+NON+VAS+SUM",1159,1683,550,117,1,598.4415,0.8333,0.6417,1
"MDI+NON+VAS+LIW",1160,1522,1,840,1,3.0443,1,0.3583,1
"KNN+NON+VAS+LIW",1161,1470,1,892,1,2.304,1,0.3333,1
"MEI+NON+VAS+MEA",1162,1510,1,871,1,2.7822,1,0.3417,1
"HAM+NON+VAS+LIW",1163,1450,524,408,1,2.043,0.8889,0.5,1
"MEI+CUT+PQN+VAS",1164,1604,1,783,1,8.1709,1,0.375,1
"KNN+LOG+VAS+LIW",1165,1613,1,783,1,8.9155,1,0.375,1
"MEI+NON+LIN+VAS",1166,1496,1,910,1,2.6338,1,0.3167,1
"MEI+NON+MST+VAS",1167,1496,1,910,1,2.6338,1,0.3167,1
"KNN+CUT+VAS+MED",1168,1575,1,833,1,6.0034,1,0.3625,1
"MEI+NON+PAR+SUM",1169,1650,550,213,1,30.1457,0.8333,0.5667,1
"KNN+LOG+LEV+MED",1170,1545,1,871,1,4.2065,1,0.3417,1
"HAM+CUT+MEA+VAS",1171,1060,1,1366,1,0.2665,1,0.1375,1
"MEI+NON+PQN+VAS",1172,1507,1,925,1,2.7691,1,0.3125,1
"KNN+LOG+LEV+NON",1173,1544,1,892,1,4.2007,1,0.3333,1
"KNN+CUT+LOE+VAS",1174,1578,1,860,1,6.294,1,0.3458,1
"HAM+LOG+CON+POW",1175,493,524,1425,1,0.0863,0.8889,0.1042,1
"MEI+NON+VAS+NON",1176,1504,1,938,1,2.7305,1,0.3083,1
"MEI+CUT+VAS+MED",1177,1603,1,840,1,8.0562,1,0.3583,1
"KNN+CUT+VAS+MEA",1178,1580,1,871,1,6.3075,1,0.3417,1
"KNN+NON+RAN+SUM",1179,1647,501,306,1,28.4578,0.9444,0.5333,1
"MEI+CUT+VAS+NON",1180,1601,1,860,1,8.0384,1,0.3458,1
"KNN+CUT+CON+PAR",1181,1013,1,1468,1,0.2363,1,0.0917,1
"HAM+LOG+LEV+PQN",1182,1466,524,494,1,2.2405,0.8889,0.4792,1
"MEI+LOG+QUA+LEV",1183,1529,501,462,1,3.3892,0.9444,0.4875,1
"KNN+NON+LEV+SUM",1184,1626,524,393,1,14.4735,0.8889,0.5125,1
"MEI+CUT+SUM+RAN",1185,368,545,62,1583,0.0497,0.8333,0.7167,0.6667
"MEI+CUT+VAS+LIW",1186,1610,550,408,1,8.6313,0.8333,0.5,1
"MDI+LOG+LIW+LEV",1187,1540,501,572,1,4.075,0.9444,0.4542,1
"HAM+LOG+VAS+LIW",1188,1519,501,643,1,3.0062,0.9444,0.4292,1
"KNN+CUT+RAN+SUM",1189,1651,501,555,1,30.486,0.9444,0.4625,1
"KNN+LOG+RAN+SUM",1190,1653,501,643,1,31.3989,0.9444,0.4292,1
"MDI+NON+MED+LEV",1191,1457,501,900,1,2.1113,0.9444,0.3292,1
"KNN+CUT+CON+NON",1192,945,497,1468,1,0.2064,0.9444,0.0917,1
"MEI+NON+MED+LEV",1193,1471,524,938,1,2.3043,0.8889,0.3083,1
"MEI+CUT+SUM+AUT",1194,804,550,58,1572,0.1373,0.8333,0.7167,0.6667
"MDI+NON+PAR+SUM",1195,1652,550,123,1520,30.9581,0.8333,0.6208,0.9167
"MDI+LOG+SUM+PAR",1196,1429,587,21,1,1.5893,0.7778,0.7375,1
"MDI+LOG+PAR+MST",1197,91,630,1348,1,0.0013,0.7778,0.1458,1
"MEI+CUT+POW+MST",1198,90,630,1366,1,0.0012,0.7778,0.1375,1
"MDI+LOG+RAN+MST",1199,96,637,1366,1,0.0013,0.7222,0.1375,1
"MEI+CUT+LEV+MST",1200,87,630,1395,1,0.0012,0.7778,0.1208,1
"MDI+CUT+POW+MST",1201,88,619,1431,1,0.0012,0.7778,0.1,1
"MDI+CUT+RAN+MST",1202,95,637,1412,1,0.0013,0.7222,0.1083,1
"MDI+CUT+LEV+MST",1203,86,630,1428,1,0.0012,0.7778,0.1042,1
"MDI+CUT+POW+SUM",1204,1469,660,21,1,2.2919,0.7222,0.7375,1
"MEI+LOG+RAN+MST",1205,102,645,1405,1,0.0014,0.7222,0.1125,1
"MDI+CUT+POW+LIN",1206,100,630,1431,1,0.0014,0.7778,0.1,1
"MEI+CUT+POW+LIN",1207,168,630,1366,1,0.0083,0.7778,0.1375,1
"KNN+NON+VAS+EIG",1208,1403,702,79,1,1.0924,0.6667,0.6792,1
"MEI+CUT+LEV+LIN",1209,171,619,1397,1,0.0093,0.7778,0.1208,1
"MDI+LOG+RAN+LIN",1210,189,645,1366,1,0.0149,0.7222,0.1375,1
"MDI+CUT+LEV+LIN",1211,143,630,1428,1,0.0028,0.7778,0.1042,1
"MDI+CUT+MST+NON",1212,69,702,1431,1,0,0.6667,0.1,1
"MEI+CUT+RAN+MST",1213,101,637,1480,1,0.0014,0.7222,0.0917,1
"KNN+NON+QUA+NON",1214,1387,587,255,1,0.7575,0.7778,0.55,1
"MEI+NON+RAN+MST",1215,99,637,1497,1,0.0014,0.7222,0.0833,1
"MDI+CUT+RAN+LIN",1216,175,645,1415,1,0.0103,0.7222,0.1083,1
"MDI+CUT+LEV+SUM",1217,1558,660,20,1,4.7132,0.7222,0.7417,1
"MDI+LOG+SUM+NON",1218,1635,587,21,1,21.9628,0.7778,0.7375,1
"KNN+CUT+POW+MST",1219,133,637,1480,1,0.0023,0.7222,0.0917,1
"KNN+LOG+SUM+PAR",1220,1476,702,73,1,2.3426,0.6667,0.6875,1
"MDI+NON+RAN+MST",1221,93,637,1524,1,0.0013,0.7222,0.075,1
"MEI+NON+PAR+MST",1222,115,637,1520,1,0.0017,0.7222,0.0792,1
"MEI+CUT+RAN+LIN",1223,188,645,1468,1,0.0145,0.7222,0.0917,1
"HAM+LOG+LEV+MEA",1224,1477,587,268,1,2.3563,0.7778,0.5458,1
"MDI+LOG+PAR+LIN",1225,374,619,1351,1,0.051,0.7778,0.1458,1
"HAM+CUT+MED+LEV",1226,1432,702,210,1,1.7029,0.6667,0.5708,1
"KNN+LOG+VAS+PQN",1227,1390,702,255,1,0.7813,0.6667,0.55,1
"KNN+CUT+POW+SUM",1228,1559,702,87,1,4.732,0.6667,0.675,1
"KNN+CUT+POW+LIN",1229,237,645,1468,1,0.0224,0.7222,0.0917,1
"HAM+CUT+LIW+VAS",1230,1428,702,233,1,1.564,0.6667,0.5625,1
"MEI+LOG+RAN+LIN",1231,328,645,1405,1,0.0431,0.7222,0.1125,1
"HAM+NON+LOE+VAS",1232,1408,1,970,1,1.2398,1,0.2958,1
"KNN+CUT+LEV+SUM",1233,1581,702,104,1,6.3419,0.6667,0.6542,1
"HAM+CUT+MEA+NON",1234,321,702,1366,1,0.0415,0.6667,0.1375,1
"MDI+CUT+SUM+LEV",1235,141,637,7,1606,0.0027,0.7222,0.7583,0.5833
"KNN+NON+LOE+NON",1236,1391,702,310,1,0.7862,0.6667,0.5292,1
"KNN+LOG+SUM+NON",1237,1645,702,73,1,28.2492,0.6667,0.6875,1
"HAM+CUT+LEV+MEA",1238,355,702,1366,1,0.0465,0.6667,0.1375,1
"MEI+LOG+LEV+PQN",1239,1520,702,213,1,3.0165,0.6667,0.5667,1
"MDI+LOG+PAR+SUM",1240,1657,660,122,1,43.8785,0.7222,0.625,1
"MEI+LOG+MED+LEV",1241,1443,1,1009,1,1.9533,1,0.275,1
"MEI+NON+RAN+LIN",1242,318,645,1502,1,0.041,0.7222,0.0833,1
"KNN+NON+LOE+VAS",1243,1453,702,310,1,2.0929,0.6667,0.5292,1
"MEI+NON+LIW+VAS",1244,1433,702,342,1,1.7082,0.6667,0.5208,1
"HAM+NON+VAS+MEA",1245,1427,1,1049,1,1.5636,1,0.2417,1
"HAM+CUT+LIN+VAS",1246,1441,1,1053,1,1.949,1,0.2375,1
"HAM+CUT+MST+VAS",1247,1441,1,1053,1,1.949,1,0.2375,1
"HAM+LOG+LEV+MED",1248,1447,587,462,1,1.9662,0.7778,0.4875,1
"KNN+LOG+LEV+LIW",1249,1681,660,165,1,430.8354,0.7222,0.6,1
"KNN+LOG+QUA+LEV",1250,1468,702,342,1,2.2719,0.6667,0.5208,1
"KNN+CUT+PAR+SUM",1251,1646,702,169,1,28.422,0.6667,0.5958,1
"MDI+CUT+MEA+VAS",1252,1111,1,1420,1,0.3018,1,0.1083,1
"MDI+NON+VAS+MEA",1253,1508,1,1023,1,2.776,1,0.2667,1
"HAM+NON+CON+RAN",1254,408,645,1484,1,0.0627,0.7222,0.0875,1
"MDI+CUT+LIW+VAS",1255,1570,702,272,1,5.7375,0.6667,0.5417,1
"MDI+NON+LIN+VAS",1256,1493,1,1053,1,2.6197,1,0.2375,1
"MDI+NON+MST+VAS",1257,1493,1,1053,1,2.6197,1,0.2375,1
"MEI+LOG+CUB+LEV",1258,1467,660,429,1,2.2544,0.7222,0.4958,1
"MDI+NON+RAN+LIN",1259,389,645,1524,1,0.0582,0.7222,0.075,1
"KNN+LOG+MEA+LEV",1260,1411,1,1147,1,1.3184,1,0.2125,1
"MEI+NON+CON+RAN",1261,550,645,1366,1,0.0944,0.7222,0.1375,1
"KNN+NON+VAS+SUM",1262,1687,587,292,1,900.4125,0.7778,0.5375,1
"KNN+CUT+VAS+SUM",1263,1694,587,292,1,2845.4919,0.7778,0.5375,1
"HAM+CUT+VAS+MEA",1264,1553,1,1037,1,4.588,1,0.25,1
"KNN+LOG+MED+LEV",1265,1488,1,1120,1,2.5569,1,0.2167,1
"MDI+CUT+SUM+RAN",1266,353,645,8,1607,0.0464,0.7222,0.7583,0.5833
"MDI+CUT+VAS+MED",1267,1600,1,1023,1,7.9971,1,0.2667,1
"MEI+CUT+MEA+LEV",1268,1534,1,1096,1,3.5024,1,0.225,1
"KNN+NON+SUM+RAN",1269,377,619,30,1607,0.0518,0.7778,0.7333,0.5833
"KNN+LOG+LOE+LEV",1270,1548,1,1087,1,4.3087,1,0.2333,1
"MDI+CUT+VAS+SUM",1271,1693,660,306,1,2483.366,0.7222,0.5333,1
"MDI+LOG+RAN+SUM",1272,1643,702,321,1,24.7557,0.6667,0.525,1
"HAM+NON+VAS+PQN",1273,1421,1,1245,1,1.4689,1,0.1792,1
"MDI+NON+LIW+VAS",1274,1431,702,537,1,1.6316,0.6667,0.4667,1
"HAM+NON+MEA+LEV",1275,1564,1,1109,1,4.9694,1,0.2208,1
"KNN+NON+VAS+MEA",1276,1458,1,1220,1,2.1197,1,0.1875,1
"MEI+NON+VAS+SUM",1277,1684,702,310,1,817.2001,0.6667,0.5292,1
"MDI+NON+VAS+SUM",1278,1685,702,310,1,841.0864,0.6667,0.5292,1
"MDI+CUT+VAS+EIG",1279,1550,1,1147,1,4.3869,1,0.2125,1
"MEI+CUT+VAS+MEA",1280,1608,1,1096,1,8.2417,1,0.225,1
"HAM+LOG+VAS+LIN",1281,177,1178,1351,1,0.0109,0.6667,0.1458,1
"HAM+NON+VAS+NON",1282,1420,1,1293,1,1.4574,1,0.1667,1
"MEI+CUT+VAS+SUM",1283,1692,702,321,1,2426.7764,0.6667,0.525,1
"KNN+CUT+VAS+PQN",1284,1585,702,429,1,6.74,0.6667,0.4958,1
"MEI+LOG+LEV+MEA",1285,1525,702,494,1,3.1406,0.6667,0.4792,1
"HAM+CUT+VAS+NON",1286,1541,1,1189,1,4.1606,1,0.2,1
"MDI+NON+AUT+LIW",1287,1319,1,1420,1,0.3882,1,0.1083,1
"KNN+NON+LIW+VAS",1288,1434,702,606,1,1.7245,0.6667,0.4458,1
"MDI+CUT+PQN+POW",1289,190,1178,1386,1,0.0151,0.6667,0.1333,1
"MDI+LOG+VAS+NON",1290,1141,1,1619,1,0.3203,1,0.0083,1
"KNN+NON+VAS+PQN",1291,1454,702,606,1,2.0988,0.6667,0.4458,1
"HAM+CUT+QUA+VAS",1292,1524,702,537,1,3.1298,0.6667,0.4667,1
"MDI+LOG+MEA+LEV",1293,1437,1,1333,1,1.877,1,0.1542,1
"MEI+LOG+LIW+LEV",1294,1448,702,623,1,2.0362,0.6667,0.4417,1
"HAM+NON+MED+LEV",1295,1474,702,606,1,2.3387,0.6667,0.4458,1
"MDI+NON+PQN+VAS",1296,1503,1,1279,1,2.7246,1,0.1708,1
"KNN+CUT+RAN+LIN",1297,254,1178,1362,1,0.0284,0.6667,0.1417,1
"MDI+CUT+VAS+MEA",1298,1606,1,1189,1,8.2227,1,0.2,1
"KNN+NON+SUM+LEV",1299,544,619,30,1607,0.0933,0.7778,0.7333,0.5833
"MDI+CUT+MEA+RAN",1300,682,702,1420,1,0.1076,0.6667,0.1083,1
"MEI+NON+RAN+PQN",1301,756,702,1354,1,0.1134,0.6667,0.1458,1
"MDI+CUT+LIN+RAN",1302,680,702,1431,1,0.1075,0.6667,0.1,1
"MDI+CUT+MST+RAN",1303,680,702,1431,1,0.1075,0.6667,0.1,1
"KNN+CUT+CON+AUT",1304,1345,1,1468,1,0.4491,1,0.0917,1
"MDI+CUT+LEV+MED",1305,259,1178,1386,1,0.0302,0.6667,0.1333,1
"MDI+CUT+POW+MED",1306,191,1178,1462,1,0.0151,0.6667,0.0958,1
"MDI+CUT+VAS+PQN",1307,1599,1,1234,1,7.9945,1,0.1833,1
"MDI+CUT+POW+MEA",1308,194,1178,1462,1,0.0152,0.6667,0.0958,1
"MDI+CUT+LIN+POW",1309,192,1178,1468,1,0.0152,0.6667,0.0917,1
"MDI+NON+RAN+NON",1310,706,702,1431,1,0.1093,0.6667,0.1,1
"MDI+NON+MEA+LEV",1311,1425,702,713,1,1.523,0.6667,0.4042,1
"MDI+NON+RAN+LIW",1312,755,702,1390,1,0.1133,0.6667,0.1292,1
"MDI+CUT+MEA+NON",1313,261,1178,1415,1,0.0303,0.6667,0.1083,1
"KNN+LOG+LIW+LEV",1314,1512,702,643,1,2.8496,0.6667,0.4292,1
"MDI+CUT+QUA+VAS",1315,1586,702,572,1,7.2434,0.6667,0.4542,1
"MDI+CUT+LIN+NON",1316,258,1178,1431,1,0.0301,0.6667,0.1,1
"MDI+CUT+LIN+LEV",1317,264,1178,1431,1,0.0304,0.6667,0.1,1
"MDI+CUT+MST+LEV",1318,264,1178,1431,1,0.0304,0.6667,0.1,1
"MDI+NON+POW+MED",1319,335,1178,1362,1,0.0452,0.6667,0.1417,1
"HAM+LOG+VAS+MST",1320,94,1457,1348,1,0.0013,0.6667,0.1458,1
"HAM+NON+RAN+LIN",1321,798,702,1405,1,0.1351,0.6667,0.1125,1
"MDI+CUT+LEV+MEA",1322,263,1178,1468,1,0.0304,0.6667,0.0917,1
"HAM+NON+QUA+VAS",1323,1406,702,803,1,1.1851,0.6667,0.3708,1
"MEI+NON+MEA+LEV",1324,1461,660,803,1,2.1515,0.7222,0.3708,1
"MDI+CUT+PQN+VAS",1325,1602,1,1326,1,8.0454,1,0.1583,1
"MEI+NON+CON+NON",1326,904,660,1366,1,0.1861,0.7222,0.1375,1
"KNN+CUT+LIW+VAS",1327,1560,702,675,1,4.7775,0.6667,0.4208,1
"HAM+CUT+CUB+VAS",1328,1557,702,682,1,4.705,0.6667,0.4167,1
"MEI+NON+PAR+PQN",1329,887,702,1354,1,0.1773,0.6667,0.1458,1
"HAM+NON+POW+MEA",1330,399,1178,1366,1,0.0605,0.6667,0.1375,1
"KNN+CUT+RAN+MST",1331,126,1457,1364,1,0.0021,0.6667,0.1417,1
"MEI+NON+PAR+LIN",1332,794,645,1512,1,0.1341,0.7222,0.0792,1
"MEI+NON+VAS+LIW",1333,1515,702,753,1,2.8647,0.6667,0.3917,1
"KNN+CUT+AUT+MST",1334,132,1457,1385,1,0.0023,0.6667,0.1333,1
"HAM+CUT+POW+MEA",1335,233,1178,1564,1,0.0219,0.6667,0.0583,1
"KNN+NON+RAN+MST",1336,119,1457,1405,1,0.0019,0.6667,0.1125,1
"MDI+CUT+POW+NON",1337,195,1178,1610,1,0.0153,0.6667,0.0125,1
"HAM+CUT+MEA+RAN",1338,441,1178,1366,1,0.0756,0.6667,0.1375,1
"KNN+NON+RAN+LIN",1339,405,1178,1405,1,0.0619,0.6667,0.1125,1
"MDI+NON+PAR+NON",1340,865,702,1431,1,0.1689,0.6667,0.1,1
"HAM+NON+RAN+MST",1341,138,1457,1405,1,0.0025,0.6667,0.1125,1
"HAM+NON+PAR+MST",1342,142,1457,1403,1,0.0028,0.6667,0.1167,1
"MEI+LOG+PAR+MST",1343,98,1541,1364,1,0.0014,0.5,0.1417,1
"HAM+NON+AUT+MST",1344,122,1457,1431,1,0.002,0.6667,0.1,1
"KNN+LOG+PQN+LEV",1345,1479,660,871,1,2.4002,0.7222,0.3417,1
"KNN+NON+AUT+MST",1346,125,1457,1428,1,0.0021,0.6667,0.1042,1
"MDI+CUT+RAN+NON",1347,699,702,1610,1,0.1088,0.6667,0.0125,1
"HAM+LOG+PAR+QUA",1348,956,702,1354,1,0.2086,0.6667,0.1458,1
"KNN+CUT+AUT+LIN",1349,451,1178,1386,1,0.0783,0.6667,0.1333,1
"MDI+CUT+MST+PAR",1350,135,1457,1431,1,0.0024,0.6667,0.1,1
"KNN+CUT+VAS+LIW",1351,1582,702,746,1,6.3801,0.6667,0.3958,1
"MEI+LOG+LEV+NON",1352,1516,702,817,1,2.867,0.6667,0.3667,1
"MEI+NON+CON+PAR",1353,1011,660,1366,1,0.2349,0.7222,0.1375,1
"MDI+CUT+MST+POW",1354,79,1478,1483,1,4e-04,0.6667,0.0917,1
"KNN+NON+MEA+LEV",1355,1584,702,759,1,6.6974,0.6667,0.3875,1
"MEI+NON+LEV+PQN",1356,521,1178,1351,1,0.0897,0.6667,0.1458,1
"MDI+CUT+SUM+AUT",1357,772,660,9,1610,0.1228,0.7222,0.7583,0.5833
"MDI+CUT+PAR+MST",1358,97,1541,1412,1,0.0013,0.5,0.1083,1
"MDI+CUT+NON",1359,262,1178,1610,1,0.0303,0.6667,0.0125,1
"HAM+NON+POW+MST",1360,167,1539,1348,1,0.0079,0.5556,0.1458,1
"MDI+CUT+LEV+NON",1361,267,1178,1610,1,0.0304,0.6667,0.0125,1
"KNN+NON+AUT+LIN",1362,933,702,1425,1,0.2043,0.6667,0.1042,1
"KNN+LOG+LEV+MST",1363,130,1539,1395,1,0.0022,0.5556,0.1208,1
"HAM+CUT+MEA+AUT",1364,1006,702,1366,1,0.2306,0.6667,0.1375,1
"HAM+CUT+MEA+PAR",1365,535,1178,1366,1,0.0915,0.6667,0.1375,1
"HAM+NON+LEV+MST",1366,155,1587,1340,1,0.005,0.4444,0.15,1
"KNN+NON+VAS+NON",1367,1449,702,952,1,2.0396,0.6667,0.3042,1
"MDI+NON+LEV+NON",1368,495,1178,1431,1,0.0864,0.6667,0.1,1
"MDI+LOG+LEV+LIW",1369,1679,587,860,1,373.9115,0.7778,0.3458,1
"MDI+NON+LEV+MST",1370,89,1541,1497,1,0.0012,0.5,0.0833,1
"MDI+NON+POW+NON",1371,342,1178,1607,1,0.0457,0.6667,0.0167,1
"HAM+LOG+AUT+MST",1372,156,1541,1431,1,0.0058,0.5,0.1,1
"KNN+NON+PAR+LOE",1373,1007,702,1431,1,0.2309,0.6667,0.1,1
"KNN+NON+SUM+AUT",1374,914,587,34,1610,0.1975,0.7778,0.7333,0.5833
"MEI+NON+POW+MST",1375,117,1541,1497,1,0.0017,0.5,0.0833,1
"MDI+CUT+MEA+PAR",1376,563,1178,1415,1,0.096,0.6667,0.1083,1
"MEI+NON+LEV+MST",1377,92,1541,1524,1,0.0013,0.5,0.075,1
"MDI+CUT+PAR+LIN",1378,208,1541,1415,1,0.0165,0.5,0.1083,1
"MDI+LOG+LEV+MEA",1379,1539,702,925,1,4.0488,0.6667,0.3125,1
"HAM+LOG+LEV+LIW",1380,1624,702,840,1,13.9687,0.6667,0.3583,1
"MDI+CUT+LIN+PAR",1381,560,1178,1431,1,0.0958,0.6667,0.1,1
"KNN+CUT+PAR+CON",1382,382,1178,1610,1,0.0542,0.6667,0.0125,1
"HAM+LOG+RAN+MST",1383,169,1541,1462,1,0.0087,0.5,0.0958,1
"HAM+NON+CON+PAR",1384,1028,660,1484,1,0.2498,0.7222,0.0875,1
"HAM+NON+VAS+MST",1385,104,1530,1539,1,0.0015,0.5556,0.0708,1
"KNN+NON+MED+LEV",1386,1511,702,960,1,2.831,0.6667,0.3,1
"MEI+LOG+PAR+CON",1387,1042,702,1431,1,0.2596,0.6667,0.1,1
"HAM+NON+CON+AUT",1388,1033,660,1484,1,0.2524,0.7222,0.0875,1
"MDI+NON+POW+MST",1389,106,1541,1535,1,0.0015,0.5,0.0708,1
"MEI+CUT+PAR+MST",1390,103,1541,1539,1,0.0014,0.5,0.0708,1
"MDI+LOG+VAS+MST",1391,157,1541,1497,1,0.006,0.5,0.0833,1
"MEI+NON+POW+LIN",1392,160,1541,1497,1,0.0064,0.5,0.0833,1
"MEI+NON+CON+LEV",1393,1313,524,1366,1,0.3793,0.8889,0.1375,1
"MDI+LOG+EIG+LEV",1394,1485,550,1172,1,2.4962,0.8333,0.2083,1
"MDI+NON+AUT+MST",1395,105,1541,1563,1,0.0015,0.5,0.0583,1
"MDI+NON+NON",1396,602,1178,1431,1,0.0994,0.6667,0.1,1
"HAM+NON+CON+VAS",1397,1067,660,1484,1,0.2717,0.7222,0.0875,1
"HAM+NON+AUT+LIN",1398,1095,702,1431,1,0.2871,0.6667,0.1,1
"KNN+LOG+PAR+MST",1399,154,1480,1595,1,0.0047,0.6111,0.0333,1
"HAM+NON+VAS+LIN",1400,185,1530,1539,1,0.0125,0.5556,0.0708,1
"HAM+CUT+PAR+MST",1401,180,1541,1557,1,0.0115,0.5,0.0667,1
"MDI+NON+LEV+PQN",1402,504,1178,1599,1,0.0874,0.6667,0.0292,1
"MEI+CUT+PAR+LIN",1403,206,1541,1539,1,0.0161,0.5,0.0708,1
"MEI+LOG+LOE+LEV",1404,1518,550,1259,1,2.8856,0.8333,0.175,1
"KNN+NON+CON+NON",1405,1628,1541,170,1,16.7123,0.5,0.5917,1
"MDI+CUT+PAR+NON",1406,565,1178,1610,1,0.0961,0.6667,0.0125,1
"MDI+NON+POW+LIN",1407,294,1541,1539,1,0.0337,0.5,0.0708,1
"HAM+LOG+LOE+LEV",1408,1460,1508,480,1,2.1392,0.6111,0.4833,1
"MEI+NON+LEV+LIN",1409,386,1541,1524,1,0.0566,0.5,0.075,1
"HAM+CUT+VAS+LIW",1410,1576,1508,403,1,6.1193,0.6111,0.5083,1
"MDI+NON+RAN+PQN",1411,727,1178,1599,1,0.11,0.6667,0.0292,1
"MEI+CUT+CON+RAN",1412,526,1490,1502,1,0.0904,0.6111,0.0833,1
"KNN+NON+LIW+NON",1413,1430,1508,606,1,1.6226,0.6111,0.4458,1
"MDI+NON+LEV+LIN",1414,510,1541,1502,1,0.088,0.5,0.0833,1
"MDI+NON+PAR+PQN",1415,870,1178,1599,1,0.1702,0.6667,0.0292,1
"KNN+NON+PAR+MEA",1416,1010,1178,1468,1,0.2342,0.6667,0.0917,1
"MEI+LOG+PAR+LIN",1417,765,1541,1360,1,0.1185,0.5,0.1417,1
"KNN+CUT+AUT+CON",1418,895,1178,1596,1,0.1798,0.6667,0.0333,1
"HAM+NON+POW+LIN",1419,815,1526,1354,1,0.1421,0.5556,0.1458,1
"MDI+LOG+RAN+NON",1420,689,1457,1619,1,0.1082,0.6667,0.0083,1
"MEI+CUT+CON+NON",1421,812,1490,1502,1,0.139,0.6111,0.0833,1
"HAM+LOG+LEV+SUM",1422,1688,660,4,1506,1130.1566,0.7222,0.7708,0.9722
"MEI+CUT+PAR+SUM",1423,1629,550,119,1567,17.5264,0.8333,0.6375,0.7778
"MDI+LOG+NON",1424,792,1457,1619,1,0.134,0.6667,0.0083,1
"HAM+LOG+VAS+SUM",1425,1678,524,123,1563,274.8403,0.8889,0.6208,0.8333
"MEI+LOG+PQN+LEV",1426,1571,1508,817,1,5.7381,0.6111,0.3667,1
"MEI+LOG+LEV+SUM",1427,1686,702,3,1506,864.5254,0.6667,0.7833,0.9722
"MEI+CUT+CON+PAR",1428,975,1490,1502,1,0.2161,0.6111,0.0833,1
"MDI+LOG+PAR+NON",1429,926,1457,1619,1,0.2008,0.6667,0.0083,1
"HAM+CUT+PAR+LIN",1430,913,1541,1557,1,0.1968,0.5,0.0667,1
"MDI+NON+AUT+LIN",1431,907,1541,1564,1,0.1918,0.5,0.0583,1
"MEI+CUT+RAN+SUM",1432,1638,550,292,1557,22.2509,0.8333,0.5375,0.8611
"MEI+LOG+LEV+LIW",1433,1662,1508,871,1,71.5664,0.6111,0.3417,1
"MEI+CUT+CON+VAS",1434,1106,1490,1502,1,0.2996,0.6111,0.0833,1
"MDI+CUT+RAN+SUM",1435,1642,702,268,1506,24.3767,0.6667,0.5458,0.9722
"MDI+LOG+AUT+MST",1436,110,1541,1412,1493,0.0015,0.5,0.1083,0.9722
"MDI+CUT+AUT+MST",1437,109,1541,1431,1493,0.0015,0.5,0.1,0.9722
"MEI+LOG+AUT+MST",1438,116,1541,1460,1493,0.0017,0.5,0.0958,0.9722
"KNN+NON+PAR+MST",1439,120,1480,1524,1511,0.002,0.6111,0.075,0.9444
"MEI+CUT+AUT+MST",1440,114,1541,1520,1493,0.0016,0.5,0.0792,0.9722
"MEI+LOG+LEV+MST",1441,147,1480,1560,1493,0.0031,0.6111,0.0667,0.9722
"MEI+NON+AUT+MST",1442,111,1541,1535,1511,0.0016,0.5,0.0708,0.9444
"MDI+CUT+AUT+LIN",1443,296,1541,1431,1500,0.0339,0.5,0.1,0.9722
"MDI+LOG+LEV+SUM",1444,1691,1508,71,1506,2012.8651,0.6111,0.7,0.9722
"MDI+LOG+AUT+LIN",1445,372,1541,1415,1500,0.0507,0.5,0.1083,0.9722
"MEI+CUT+AUT+LIN",1446,326,1541,1512,1500,0.0426,0.5,0.0792,0.9722
"MEI+LOG+AUT+LIN",1447,816,1541,1462,1500,0.1423,0.5,0.0958,0.9722
"MEI+NON+AUT+LIN",1448,821,1541,1539,1514,0.1458,0.5,0.0708,0.9444
"KNN+NON+PAR+CON",1449,831,1480,1619,1493,0.1537,0.6111,0.0083,0.9722
"KNN+LOG+VAS+MEA",1450,1388,587,1037,1,0.7704,0.7778,0.25,1
"MEI+CUT+MED+LEV",1451,1531,587,998,1,3.4275,0.7778,0.2833,1
"KNN+LOG+MEA+VAS",1452,1383,587,1147,1,0.7032,0.7778,0.2125,1
"HAM+LOG+LEV+NON",1453,1444,587,1147,1,1.9559,0.7778,0.2125,1
"KNN+NON+PQN+VAS",1454,1455,702,1053,1,2.0999,0.6667,0.2375,1
"KNN+NON+AUT+MED",1455,1155,702,1366,1,0.3247,0.6667,0.1375,1
"MDI+LOG+LOE+LEV",1456,1533,702,998,1,3.4928,0.6667,0.2833,1
"KNN+CUT+EIG+VAS",1457,1573,702,980,1,5.8872,0.6667,0.2875,1
"KNN+CUT+VAS+NON",1458,1574,702,980,1,5.9954,0.6667,0.2875,1
"HAM+LOG+MEA+LEV",1459,1401,702,1172,1,1.0009,0.6667,0.2083,1
"MEI+NON+CON+AUT",1460,1275,660,1366,1,0.3622,0.7222,0.1375,1
"MDI+CUT+MED+LEV",1461,1436,702,1189,1,1.8768,0.6667,0.2,1
"MDI+NON+LOE+VAS",1462,1483,702,1147,1,2.4819,0.6667,0.2125,1
"MDI+CUT+MEA+AUT",1463,1225,702,1420,1,0.3539,0.6667,0.1083,1
"MDI+CUT+LIN+AUT",1464,1220,702,1431,1,0.3534,0.6667,0.1,1
"MDI+CUT+MST+AUT",1465,1220,702,1431,1,0.3534,0.6667,0.1,1
"MDI+LOG+LEV+PQN",1466,1532,702,1120,1,3.4364,0.6667,0.2167,1
"HAM+NON+CON+NON",1467,1175,702,1484,1,0.3291,0.6667,0.0875,1
"MEI+NON+AUT+PQN",1468,1307,702,1354,1,0.3721,0.6667,0.1458,1
"MEI+NON+LOE+VAS",1469,1487,702,1189,1,2.5459,0.6667,0.2,1
"MDI+NON+AUT+NON",1470,1248,702,1431,1,0.3577,0.6667,0.1,1
"KNN+NON+VAS+MED",1471,1451,702,1234,1,2.0477,0.6667,0.1833,1
"KNN+CUT+PQN+VAS",1472,1577,702,1109,1,6.2187,0.6667,0.2208,1
"HAM+LOG+PQN+LEV",1473,1481,702,1211,1,2.4463,0.6667,0.1917,1
"MEI+NON+CON+VAS",1474,1369,660,1366,1,0.5695,0.7222,0.1375,1
"MEI+CUT+LIN+VAS",1475,1589,702,1120,1,7.4052,0.6667,0.2167,1
"MEI+CUT+MST+VAS",1476,1589,702,1120,1,7.4052,0.6667,0.2167,1
"HAM+NON+PAR+LIN",1477,1324,702,1399,1,0.3972,0.6667,0.1167,1
"KNN+CUT+MED+LEV",1478,1435,702,1293,1,1.8162,0.6667,0.1667,1
"MDI+LOG+PQN+LEV",1479,1478,702,1279,1,2.3735,0.6667,0.1708,1
"MEI+LOG+AUT+CON",1480,1382,660,1425,1,0.6761,0.7222,0.1042,1
"HAM+NON+CON+LEV",1481,1338,660,1484,1,0.4385,0.7222,0.0875,1
"MDI+LOG+LEV+MED",1482,1528,702,1279,1,3.3358,0.6667,0.1708,1
"MDI+LOG+MED+LEV",1483,1566,702,1245,1,5.1269,0.6667,0.1792,1
"MDI+CUT+AUT+NON",1484,1235,702,1610,1,0.3563,0.6667,0.0125,1
"MDI+CUT+LOE+VAS",1485,1592,702,1259,1,7.4319,0.6667,0.175,1
"KNN+NON+SUM+VAS",1486,1332,587,34,1610,0.4181,0.7778,0.7333,0.5833
"MEI+CUT+LOE+VAS",1487,1594,702,1309,1,7.6441,0.6667,0.1625,1
"MDI+LOG+AUT+CON",1488,1371,660,1610,1,0.586,0.7222,0.0125,1
"MEI+LOG+SUM+PAR",1489,1417,660,44,1523,1.4353,0.7222,0.725,0.8889
"MEI+LOG+SUM+NON",1490,1632,660,44,1523,19.3664,0.7222,0.725,0.8889
"KNN+CUT+CON+LEV",1491,1336,1178,1468,1,0.4375,0.6667,0.0917,1
"MDI+NON+AUT+PQN",1492,1258,1178,1599,1,0.3596,0.6667,0.0292,1
"MDI+LOG+VAS+SUM",1493,1672,660,187,1563,89.3438,0.7222,0.5833,0.8333
"MEI+NON+RAN+SUM",1494,1634,587,310,1557,20.6057,0.7778,0.5292,0.8611
"MDI+NON+RAN+SUM",1495,1640,702,268,1523,22.7601,0.6667,0.5458,0.8889
"MEI+LOG+RAN+SUM",1496,1639,587,365,1557,22.6276,0.7778,0.5167,0.8611
"MEI+CUT+CON+AUT",1497,1274,1490,1502,1,0.3621,0.6111,0.0833,1
"MDI+LOG+AUT+NON",1498,1228,1457,1619,1,0.3543,0.6667,0.0083,1
"HAM+LOG+RAN+LIN",1499,1346,1541,1462,1,0.45,0.5,0.0958,1
"KNN+LOG+PAR+LIN",1500,1359,1490,1596,1,0.5296,0.6111,0.0333,1
"MDI+NON+PAR+MST",1501,108,1541,1520,1553,0.0015,0.5,0.0792,0.8889
"MEI+LOG+MST+NON",1502,162,1480,1535,1553,0.0067,0.6111,0.0708,0.8889
"KNN+NON+POW+MST",1503,165,1541,1484,1553,0.0077,0.5,0.0875,0.8889
"KNN+NON+PAR+SUM",1504,1668,1508,126,1523,83.2024,0.6111,0.6167,0.8889
"MDI+LOG+PAR+CON",1505,1100,619,1607,1562,0.2914,0.7778,0.0167,0.8333
"MEI+LOG+MST+PAR",1506,385,1490,1539,1530,0.0551,0.6111,0.0708,0.8889
"MEI+LOG+LIN+NON",1507,436,1490,1539,1530,0.0743,0.6111,0.0708,0.8889
"MEI+LOG+LIN+VAS",1508,850,1178,1539,1530,0.1656,0.6667,0.0708,0.8889
"MEI+LOG+MST+VAS",1509,850,1178,1539,1530,0.1656,0.6667,0.0708,0.8889
"MDI+CUT+CON+RAN",1510,704,1530,1567,1530,0.1091,0.5556,0.0542,0.8889
"MEI+LOG+LIN+RAN",1511,809,1490,1539,1530,0.1386,0.6111,0.0708,0.8889
"MEI+LOG+MST+RAN",1512,809,1490,1539,1530,0.1386,0.6111,0.0708,0.8889
"KNN+LOG+AUT+CON",1513,864,1490,1564,1530,0.1686,0.6111,0.0583,0.8889
"MEI+LOG+LIN+PAR",1514,902,1490,1539,1530,0.1837,0.6111,0.0708,0.8889
"MDI+NON+PAR+LIN",1515,900,1541,1512,1530,0.1829,0.5,0.0792,0.8889
"KNN+NON+POW+LIN",1516,1044,1541,1484,1523,0.2604,0.5,0.0875,0.8889
"MDI+CUT+CON+VAS",1517,1066,1490,1567,1530,0.2711,0.6111,0.0542,0.8889
"HAM+LOG+AUT+CON",1518,1026,1541,1567,1530,0.2467,0.5,0.0542,0.8889
"HAM+LOG+PAR+CON",1519,1015,1541,1593,1557,0.2411,0.5,0.0375,0.8611
"MEI+NON+AUT+LIW",1520,1320,1508,1360,1520,0.3883,0.6111,0.1417,0.9167
"HAM+NON+PAR+CON",1521,1386,1508,1340,1520,0.7464,0.6111,0.15,0.9167
"KNN+NON+PAR+LIN",1522,1312,1508,1524,1516,0.3757,0.6111,0.075,0.9444
"MEI+LOG+LIN+AUT",1523,1360,1490,1539,1530,0.5346,0.6111,0.0708,0.8889
"MEI+LOG+MST+AUT",1524,1360,1490,1539,1530,0.5346,0.6111,0.0708,0.8889
"MDI+CUT+CON+NON",1525,1341,1490,1567,1530,0.4435,0.6111,0.0542,0.8889
"MDI+CUT+CON+PAR",1526,1329,1530,1567,1530,0.4116,0.5556,0.0542,0.8889
"MDI+CUT+CON+AUT",1527,1330,1530,1567,1530,0.4132,0.5556,0.0542,0.8889
"HAM+CUT+MEA+LEV",1528,1440,1,1366,1,1.9439,1,0.1375,1
"MEI+NON+VAS+PQN",1529,1506,1,1354,1,2.7621,1,0.1458,1
"MDI+NON+VAS+NON",1530,1500,1,1431,1,2.7094,1,0.1,1
"HAM+CUT+AUT+SUM",1531,1669,1,1393,1,83.5624,1,0.125,1
"HAM+NON+AUT+SUM",1532,1660,1,1405,1,60.6866,1,0.1125,1
"HAM+LOG+AUT+SUM",1533,1675,1,1393,1,97.414,1,0.125,1
"MDI+NON+VAS+PQN",1534,1501,1,1599,1,2.7154,1,0.0292,1
"HAM+LOG+LEV+MST",1535,129,1597,1392,1,0.0022,0.4444,0.1292,1
"HAM+CUT+RAN+MST",1536,163,1587,1403,1,0.0076,0.4444,0.1167,1
"HAM+CUT+VAS+MST",1537,107,1587,1460,1,0.0015,0.4444,0.0958,1
"MDI+CUT+VAS+NON",1538,1598,1,1610,1,7.9789,1,0.0125,1
"HAM+CUT+AUT+MST",1539,152,1587,1484,1,0.0042,0.4444,0.0875,1
"HAM+LOG+PAR+MST",1540,178,1597,1591,1,0.011,0.4444,0.0417,1
"MEI+CUT+SUM+PAR",1541,1392,550,58,1572,0.8033,0.8333,0.7167,0.6667
"HAM+CUT+RAN+LIN",1542,679,1620,1399,1,0.1075,0.4444,0.1167,1
"MDI+NON+POW+SUM",1543,1593,550,19,1572,7.4706,0.8333,0.7458,0.6667
"MEI+CUT+SUM+NON",1544,1556,550,58,1572,4.7012,0.8333,0.7167,0.6667
"MEI+CUT+SUM+VAS",1545,1583,550,58,1572,6.5204,0.8333,0.7167,0.6667
"KNN+NON+MEA+NON",1546,1389,1620,759,1,0.7803,0.4444,0.3875,1
"KNN+NON+POW+SUM",1547,1655,550,21,1570,38.9852,0.8333,0.7375,0.6944
"MEI+NON+LEV+SUM",1548,1625,550,99,1572,14.0926,0.8333,0.6625,0.6667
"MEI+LOG+PAR+SUM",1549,1656,550,170,1619,39.7636,0.8333,0.5917,0.5278
"HAM+CUT+AUT+LIN",1550,901,1620,1484,1,0.1836,0.4444,0.0875,1
"MEI+LOG+VAS+MST",1551,159,1587,1480,1493,0.0063,0.4444,0.0917,0.9722
"MDI+CUT+VAS+MST",1552,124,1587,1535,1511,0.002,0.4444,0.0708,0.9444
"MDI+CUT+VAS+LIN",1553,344,1597,1539,1514,0.0461,0.4444,0.0708,0.9444
"KNN+CUT+CON+VAS",1554,1394,619,1468,1,0.8192,0.7778,0.0917,1
"MDI+CUT+MEA+LEV",1555,1563,660,1420,1,4.8305,0.7222,0.1083,1
"MDI+CUT+SUM+PAR",1556,1384,660,9,1610,0.7334,0.7222,0.7583,0.5833
"MEI+CUT+CON+LEV",1557,1536,645,1502,1,3.6124,0.7222,0.0833,1
"KNN+NON+AUT+SUM",1558,1673,587,1431,1,90.0868,0.7778,0.1,1
"MDI+CUT+LIN+VAS",1559,1587,702,1431,1,7.2609,0.6667,0.1,1
"MDI+CUT+MST+VAS",1560,1587,702,1431,1,7.2609,0.6667,0.1,1
"MEI+CUT+POW+SUM",1561,1462,660,54,1572,2.1817,0.7222,0.7208,0.6667
"KNN+CUT+AUT+SUM",1562,1676,587,1524,1,97.4468,0.7778,0.075,1
"MEI+CUT+LEV+SUM",1563,1547,660,21,1572,4.2321,0.7222,0.7375,0.6667
"MDI+CUT+SUM+NON",1564,1549,660,9,1610,4.3808,0.7222,0.7583,0.5833
"MDI+CUT+SUM+VAS",1565,1567,660,9,1610,5.568,0.7222,0.7583,0.5833
"KNN+NON+SUM+PAR",1566,1618,587,34,1610,10.3923,0.7778,0.7333,0.5833
"KNN+LOG+AUT+SUM",1567,1677,619,1567,1,101.6422,0.7778,0.0542,1
"KNN+NON+SUM+NON",1568,1682,587,34,1610,546.9525,0.7778,0.7333,0.5833
"MDI+LOG+AUT+SUM",1569,1671,702,1593,1,89.0876,0.6667,0.0375,1
"MDI+NON+LEV+SUM",1570,1622,660,117,1572,13.5415,0.7222,0.6417,0.6667
"MDI+CUT+AUT+SUM",1571,1670,702,1604,1,87.2464,0.6667,0.025,1
"MDI+CUT+PAR+SUM",1572,1631,660,165,1620,19.3522,0.7222,0.6,0.5
"MEI+LOG+VAS+SUM",1573,1674,660,250,1572,96.4777,0.7222,0.5542,0.6667
"KNN+LOG+VAS+SUM",1574,1680,587,292,1618,375.7526,0.7778,0.5375,0.5556
"MEI+LOG+LEV+MED",1575,1517,1178,1502,1,2.8738,0.6667,0.0833,1
"HAM+NON+LEV+LIN",1576,1400,1620,1340,1,0.9823,0.4444,0.15,1
"HAM+LOG+AUT+LIN",1577,1396,1541,1431,1,0.82,0.5,0.1,1
"MDI+NON+AUT+SUM",1578,1665,1178,1596,1,80.7427,0.6667,0.0333,1
"MDI+LOG+VAS+LIN",1579,1415,1541,1502,1,1.3518,0.5,0.0833,1
"KNN+LOG+LEV+LIN",1580,1630,1526,1398,1,18.0483,0.5556,0.1208,1
"MDI+LOG+LEV+NON",1581,1527,1457,1619,1,3.3297,0.6667,0.0083,1
"KNN+NON+LEV+MST",1582,174,1541,1402,1583,0.0101,0.5,0.1167,0.6667
"MEI+NON+VAS+MST",1583,123,1587,1484,1561,0.002,0.4444,0.0875,0.8333
"MDI+LOG+LEV+MST",1584,148,1480,1524,1604,0.0033,0.6111,0.075,0.6111
"MDI+NON+VAS+MST",1585,121,1587,1520,1553,0.002,0.4444,0.0792,0.8889
"MEI+CUT+VAS+MST",1586,127,1587,1524,1569,0.0021,0.4444,0.075,0.7778
"KNN+LOG+VAS+MST",1587,113,1530,1588,1583,0.0016,0.5556,0.0458,0.6667
"KNN+CUT+LEV+MST",1588,158,1530,1512,1623,0.0061,0.5556,0.0792,0.4722
"KNN+CUT+PAR+MST",1589,161,1480,1561,1625,0.0067,0.6111,0.0625,0.1944
"KNN+CUT+LEV+LIN",1590,212,1530,1512,1623,0.0191,0.5556,0.0792,0.4722
"KNN+CUT+PAR+LIN",1591,494,1490,1561,1626,0.0864,0.6111,0.0625,0.1944
"KNN+LOG+VAS+LIN",1592,910,1530,1588,1583,0.1944,0.5556,0.0458,0.6667
"MEI+LOG+LEV+LIN",1593,1463,1490,1557,1500,2.1826,0.6111,0.0667,0.9722
"MEI+NON+AUT+SUM",1594,1663,587,1604,1563,74.2772,0.7778,0.025,0.8333
"MEI+LOG+LIN+LEV",1595,1615,1178,1539,1530,9.1689,0.6667,0.0708,0.8889
"MEI+LOG+MST+LEV",1596,1615,1178,1539,1530,9.1689,0.6667,0.0708,0.8889
"MDI+NON+VAS+LIN",1597,1364,1597,1512,1530,0.5482,0.4444,0.0792,0.8889
"MEI+NON+VAS+LIN",1598,1349,1620,1484,1563,0.4728,0.4444,0.0875,0.8333
"MEI+CUT+VAS+LIN",1599,1352,1620,1524,1567,0.4831,0.4444,0.075,0.7778
"HAM+LOG+LEV+LIN",1600,1407,1620,1390,1,1.206,0.4444,0.1292,1
"HAM+CUT+VAS+LIN",1601,1399,1597,1462,1,0.9549,0.4444,0.0958,1
"HAM+LOG+PAR+LIN",1602,1446,1597,1591,1,1.9635,0.4444,0.0417,1
"KNN+CUT+VAS+MST",1603,145,1597,1512,1620,0.0029,0.4444,0.0792,0.5
"KNN+NON+VAS+MST",1604,140,1587,1587,1603,0.0027,0.4444,0.0458,0.6389
"MDI+LOG+MST+NON",1605,226,1597,1567,1589,0.0212,0.4444,0.0542,0.6389
"MDI+LOG+LIN+RAN",1606,380,1597,1567,1589,0.0534,0.4444,0.0542,0.6389
"MDI+LOG+MST+RAN",1607,380,1597,1567,1589,0.0534,0.4444,0.0542,0.6389
"MDI+LOG+LIN+VAS",1608,413,1597,1567,1589,0.0638,0.4444,0.0542,0.6389
"MDI+LOG+MST+VAS",1609,413,1597,1567,1589,0.0638,0.4444,0.0542,0.6389
"MDI+LOG+MST+PAR",1610,415,1597,1567,1589,0.0638,0.4444,0.0542,0.6389
"MEI+CUT+AUT+SUM",1611,1666,545,1607,1589,80.9362,0.8333,0.0167,0.6389
"MEI+LOG+AUT+SUM",1612,1667,550,1604,1588,82.8348,0.8333,0.025,0.6389
"MDI+LOG+LIN+AUT",1613,1016,1597,1567,1589,0.2416,0.4444,0.0542,0.6389
"MDI+LOG+MST+AUT",1614,1016,1597,1567,1589,0.2416,0.4444,0.0542,0.6389
"MEI+LOG+VAS+LIN",1615,1410,1597,1468,1500,1.2724,0.4444,0.0917,0.9722
"KNN+NON+LEV+LIN",1616,1398,1541,1399,1572,0.8993,0.5,0.1167,0.6667
"HAM+NON+AUT+CON",1617,1395,1541,1484,1570,0.82,0.5,0.0875,0.6944
"KNN+NON+VAS+LIN",1618,1318,1597,1588,1589,0.3881,0.4444,0.0458,0.6389
"MDI+CUT+CON+LEV",1619,1418,1597,1567,1530,1.4523,0.4444,0.0542,0.8889
"MDI+LOG+LIN+PAR",1620,1376,1597,1567,1589,0.6051,0.4444,0.0542,0.6389
"MDI+LOG+LEV+LIN",1621,1495,1508,1524,1605,2.6279,0.6111,0.075,0.6111
"KNN+CUT+VAS+LIN",1622,1409,1597,1512,1620,1.2563,0.4444,0.0792,0.5
"MDI+LOG+LIN+NON",1623,1439,1597,1567,1589,1.912,0.4444,0.0542,0.6389
"MDI+LOG+LIN+LEV",1624,1554,1597,1567,1589,4.6583,0.4444,0.0542,0.6389
"MDI+LOG+MST+LEV",1625,1554,1597,1567,1589,4.6583,0.4444,0.0542,0.6389
"HAM+LOG+POW+EIG",1626,393,1,1694,1,0.059,1,NA,1
"MDI+LOG+RAN+CUB",1627,1,1694,1694,1694,0,NA,NA,NA
"HAM+LOG+RAN+CUB",1628,2,1694,1694,1694,0,NA,NA,NA
"MEI+LOG+RAN+CUB",1629,3,1694,1694,1694,0,NA,NA,NA
"KNN+LOG+RAN+CUB",1630,4,1694,1694,1694,0,NA,NA,NA
"HAM+CUT+POW+CUB",1631,5,1694,1694,1694,0,NA,NA,NA
"HAM+NON+POW+CUB",1632,6,1694,1694,1694,0,NA,NA,NA
"HAM+CUT+LEV+CUB",1633,7,1694,1694,1694,0,NA,NA,NA
"HAM+NON+LEV+CUB",1634,8,1694,1694,1694,0,NA,NA,NA
"MDI+LOG+PAR+CUB",1635,9,1694,1694,1694,0,NA,NA,NA
"MEI+LOG+PAR+CUB",1636,10,1694,1694,1694,0,NA,NA,NA
"KNN+CUT+POW+CUB",1637,11,1694,1694,1694,0,NA,NA,NA
"KNN+CUT+LEV+CUB",1638,12,1694,1694,1694,0,NA,NA,NA
"KNN+NON+LEV+CUB",1639,13,1694,1694,1694,0,NA,NA,NA
"HAM+LOG+PAR+CUB",1640,14,1694,1694,1694,0,NA,NA,NA
"MDI+CUT+LEV+CUB",1641,15,1694,1694,1694,0,NA,NA,NA
"KNN+LOG+PAR+CUB",1642,16,1694,1694,1694,0,NA,NA,NA
"MDI+NON+LEV+CUB",1643,17,1694,1694,1694,0,NA,NA,NA
"MDI+NON+POW+CUB",1644,18,1694,1694,1694,0,NA,NA,NA
"MDI+CUT+POW+CUB",1645,19,1694,1694,1694,0,NA,NA,NA
"MEI+CUT+LEV+CUB",1646,20,1694,1694,1694,0,NA,NA,NA
"MEI+CUT+POW+CUB",1647,21,1694,1694,1694,0,NA,NA,NA
"MEI+NON+LEV+CUB",1648,22,1694,1694,1694,0,NA,NA,NA
"MEI+NON+POW+CUB",1649,23,1694,1694,1694,0,NA,NA,NA
"KNN+NON+POW+CUB",1650,24,1694,1694,1694,0,NA,NA,NA
"HAM+LOG+AUT+CUB",1651,25,1694,1694,1694,0,NA,NA,NA
"HAM+NON+RAN+CUB",1652,26,1694,1694,1694,0,NA,NA,NA
"KNN+LOG+AUT+CUB",1653,27,1694,1694,1694,0,NA,NA,NA
"MDI+LOG+AUT+CUB",1654,28,1694,1694,1694,0,NA,NA,NA
"HAM+NON+PAR+CUB",1655,29,1694,1694,1694,0,NA,NA,NA
"MEI+LOG+AUT+CUB",1656,30,1694,1694,1694,0,NA,NA,NA
"KNN+NON+RAN+CUB",1657,31,1694,1694,1694,0,NA,NA,NA
"HAM+CUT+PAR+CUB",1658,32,1694,1694,1694,0,NA,NA,NA
"MDI+NON+RAN+CUB",1659,33,1694,1694,1694,0,NA,NA,NA
"MEI+LOG+VAS+CUB",1660,34,1694,1694,1694,0,NA,NA,NA
"MEI+NON+RAN+CUB",1661,35,1694,1694,1694,0,NA,NA,NA
"MDI+NON+PAR+CUB",1662,36,1694,1694,1694,0,NA,NA,NA
"KNN+NON+PAR+CUB",1663,37,1694,1694,1694,0,NA,NA,NA
"MEI+NON+PAR+CUB",1664,38,1694,1694,1694,0,NA,NA,NA
"MDI+LOG+VAS+CUB",1665,39,1694,1694,1694,0,NA,NA,NA
"HAM+CUT+RAN+CUB",1666,40,1694,1694,1694,0,NA,NA,NA
"KNN+CUT+PAR+CUB",1667,41,1694,1694,1694,0,NA,NA,NA
"HAM+LOG+LEV+CUB",1668,42,1694,1694,1694,0,NA,NA,NA
"HAM+NON+AUT+CUB",1669,43,1694,1694,1694,0,NA,NA,NA
"MDI+CUT+PAR+CUB",1670,44,1694,1694,1694,0,NA,NA,NA
"MEI+CUT+PAR+CUB",1671,45,1694,1694,1694,0,NA,NA,NA
"KNN+CUT+RAN+CUB",1672,46,1694,1694,1694,0,NA,NA,NA
"KNN+NON+AUT+CUB",1673,47,1694,1694,1694,0,NA,NA,NA
"MDI+CUT+RAN+CUB",1674,48,1694,1694,1694,0,NA,NA,NA
"MEI+CUT+RAN+CUB",1675,49,1694,1694,1694,0,NA,NA,NA
"MDI+LOG+LEV+CUB",1676,50,1694,1694,1694,0,NA,NA,NA
"MDI+NON+AUT+CUB",1677,51,1694,1694,1694,0,NA,NA,NA
"MEI+LOG+LEV+CUB",1678,52,1694,1694,1694,0,NA,NA,NA
"MEI+NON+AUT+CUB",1679,53,1694,1694,1694,0,NA,NA,NA
"HAM+CUT+AUT+CUB",1680,54,1694,1694,1694,0,NA,NA,NA
"KNN+CUT+AUT+CUB",1681,55,1694,1694,1694,0,NA,NA,NA
"KNN+LOG+LEV+CUB",1682,56,1694,1694,1694,0,NA,NA,NA
"MDI+CUT+AUT+CUB",1683,57,1694,1694,1694,0,NA,NA,NA
"MEI+CUT+AUT+CUB",1684,58,1694,1694,1694,0,NA,NA,NA
"HAM+LOG+VAS+CUB",1685,59,1694,1694,1694,0,NA,NA,NA
"KNN+LOG+VAS+CUB",1686,60,1694,1694,1694,0,NA,NA,NA
"HAM+NON+VAS+CUB",1687,61,1694,1694,1694,0,NA,NA,NA
"KNN+NON+VAS+CUB",1688,62,1694,1694,1694,0,NA,NA,NA
"MDI+NON+VAS+CUB",1689,63,1694,1694,1694,0,NA,NA,NA
"MEI+NON+VAS+CUB",1690,64,1694,1694,1694,0,NA,NA,NA
"HAM+CUT+VAS+CUB",1691,65,1694,1694,1694,0,NA,NA,NA
"KNN+CUT+VAS+CUB",1692,66,1694,1694,1694,0,NA,NA,NA
"MDI+CUT+VAS+CUB",1693,67,1694,1694,1694,0,NA,NA,NA
"MEI+CUT+VAS+CUB",1694,68,1694,1694,1694,0,NA,NA,NA
